Driver,LapNumber,LapTime,Compound,TyreLife,Position,PitInTime,PitOutTime
NOR,1.0,0 days 00:01:18.505000,MEDIUM,1.0,7.0,,
NOR,2.0,0 days 00:01:13.406000,MEDIUM,2.0,7.0,,
NOR,3.0,0 days 00:01:13.015000,MEDIUM,3.0,7.0,,
NOR,4.0,0 days 00:01:12.630000,MEDIUM,4.0,7.0,,
NOR,5.0,0 days 00:01:12.439000,MEDIUM,5.0,7.0,,
NOR,6.0,0 days 00:01:12.493000,MEDIUM,6.0,7.0,,
NOR,7.0,0 days 00:01:13.459000,MEDIUM,7.0,7.0,,
NOR,8.0,0 days 00:01:13.025000,MEDIUM,8.0,7.0,,
NOR,9.0,0 days 00:01:13.013000,MEDIUM,9.0,7.0,,
NOR,10.0,0 days 00:01:13.197000,MEDIUM,10.0,7.0,,
NOR,11.0,0 days 00:01:13.335000,MEDIUM,11.0,7.0,,
NOR,12.0,0 days 00:01:13.250000,MEDIUM,12.0,7.0,,
NOR,13.0,0 days 00:01:13.591000,MEDIUM,13.0,5.0,,
NOR,14.0,0 days 00:01:13.423000,MEDIUM,14.0,5.0,,
NOR,15.0,0 days 00:01:13.419000,MEDIUM,15.0,5.0,,
NOR,16.0,0 days 00:01:13.323000,MEDIUM,16.0,5.0,,
NOR,17.0,0 days 00:01:13.157000,MEDIUM,17.0,5.0,,
NOR,18.0,0 days 00:01:13.381000,MEDIUM,18.0,5.0,,
NOR,19.0,0 days 00:01:14.330000,MEDIUM,19.0,3.0,,
NOR,20.0,0 days 00:01:13.655000,MEDIUM,20.0,2.0,,
NOR,21.0,0 days 00:01:18.354000,MEDIUM,21.0,5.0,0 days 01:22:52.191000,
NOR,22.0,0 days 00:01:30.005000,HARD,1.0,8.0,,0 days 01:23:13.743000
NOR,23.0,0 days 00:01:12.148000,HARD,2.0,8.0,,
NOR,24.0,0 days 00:01:18.463000,HARD,3.0,8.0,,
NOR,25.0,0 days 00:01:36.995000,HARD,4.0,8.0,,
NOR,26.0,0 days 00:01:24.972000,HARD,5.0,8.0,,
NOR,27.0,0 days 00:01:11.773000,HARD,6.0,8.0,,
NOR,28.0,0 days 00:01:11.568000,HARD,7.0,8.0,,
NOR,29.0,0 days 00:01:11.843000,HARD,8.0,8.0,,
NOR,30.0,0 days 00:01:11.797000,HARD,9.0,8.0,,
NOR,31.0,0 days 00:01:11.666000,HARD,10.0,8.0,,
NOR,32.0,0 days 00:01:11.593000,HARD,11.0,8.0,,
NOR,33.0,0 days 00:01:11.542000,HARD,12.0,8.0,,
NOR,34.0,0 days 00:01:11.916000,HARD,13.0,8.0,,
NOR,35.0,0 days 00:01:11.547000,HARD,14.0,8.0,,
NOR,36.0,0 days 00:01:11.824000,HARD,15.0,8.0,,
NOR,37.0,0 days 00:01:12.345000,HARD,16.0,8.0,,
NOR,38.0,0 days 00:01:11.788000,HARD,17.0,7.0,,
NOR,39.0,0 days 00:01:12.229000,HARD,18.0,7.0,,
NOR,40.0,0 days 00:01:12.078000,HARD,19.0,6.0,,
NOR,41.0,0 days 00:01:12.134000,HARD,20.0,6.0,,
NOR,42.0,0 days 00:01:11.746000,HARD,21.0,6.0,,
NOR,43.0,0 days 00:01:12.194000,HARD,22.0,4.0,,
NOR,44.0,0 days 00:01:12.353000,HARD,23.0,4.0,,
NOR,45.0,0 days 00:01:12.274000,HARD,24.0,4.0,,
NOR,46.0,0 days 00:01:12.465000,HARD,25.0,4.0,,
NOR,47.0,0 days 00:01:16.801000,HARD,26.0,4.0,0 days 01:55:10.367000,
NOR,48.0,0 days 00:01:28.640000,HARD,1.0,8.0,,0 days 01:55:32.272000
NOR,49.0,0 days 00:01:10.994000,HARD,2.0,8.0,,
NOR,50.0,0 days 00:01:10.865000,HARD,3.0,8.0,,
NOR,51.0,0 days 00:01:11.170000,HARD,4.0,8.0,,
NOR,52.0,0 days 00:01:22.848000,HARD,5.0,8.0,,
NOR,53.0,0 days 00:01:10.659000,HARD,6.0,8.0,,
NOR,54.0,0 days 00:01:10.983000,HARD,7.0,8.0,,
NOR,55.0,0 days 00:01:10.652000,HARD,8.0,8.0,,
NOR,56.0,0 days 00:01:10.907000,HARD,9.0,8.0,,
NOR,57.0,0 days 00:01:10.979000,HARD,10.0,8.0,,
NOR,58.0,0 days 00:01:11.465000,HARD,11.0,8.0,,
NOR,59.0,0 days 00:01:11.584000,HARD,12.0,7.0,,
NOR,60.0,0 days 00:01:11.216000,HARD,13.0,7.0,,
NOR,61.0,0 days 00:01:11.205000,HARD,14.0,7.0,,
NOR,62.0,0 days 00:01:11.586000,HARD,15.0,7.0,,
NOR,63.0,0 days 00:01:11.385000,HARD,16.0,7.0,,
NOR,64.0,0 days 00:01:11.318000,HARD,17.0,7.0,,
NOR,65.0,0 days 00:01:11.409000,HARD,18.0,7.0,,
NOR,66.0,0 days 00:01:11.497000,HARD,19.0,7.0,,
NOR,67.0,0 days 00:01:12.490000,HARD,20.0,7.0,,
NOR,68.0,0 days 00:01:11.939000,HARD,21.0,7.0,,
NOR,69.0,0 days 00:01:11.821000,HARD,22.0,7.0,,
NOR,70.0,0 days 00:01:12.674000,HARD,23.0,7.0,,
NOR,71.0,0 days 00:01:12.739000,HARD,24.0,7.0,,
GAS,1.0,0 days 00:01:20.728000,MEDIUM,1.0,13.0,,
GAS,2.0,0 days 00:01:14.455000,MEDIUM,2.0,13.0,,
GAS,3.0,0 days 00:01:13.713000,MEDIUM,3.0,13.0,,
GAS,4.0,0 days 00:01:14.015000,MEDIUM,4.0,13.0,,
GAS,5.0,0 days 00:01:14.023000,MEDIUM,5.0,13.0,,
GAS,6.0,0 days 00:01:14.065000,MEDIUM,6.0,13.0,,
GAS,7.0,0 days 00:01:14.705000,MEDIUM,7.0,13.0,,
GAS,8.0,0 days 00:01:14.513000,MEDIUM,8.0,13.0,,
GAS,9.0,0 days 00:01:14.864000,MEDIUM,9.0,13.0,,
GAS,10.0,0 days 00:01:15.154000,MEDIUM,10.0,13.0,,
GAS,11.0,0 days 00:01:15.588000,MEDIUM,11.0,13.0,,
GAS,12.0,0 days 00:01:14.943000,MEDIUM,12.0,13.0,,
GAS,13.0,0 days 00:01:19.306000,MEDIUM,13.0,16.0,0 days 01:13:23.966000,
GAS,14.0,0 days 00:01:30.469000,HARD,1.0,20.0,,0 days 01:13:45.569000
GAS,15.0,0 days 00:01:12.983000,HARD,2.0,19.0,,
GAS,16.0,0 days 00:01:13.349000,HARD,3.0,18.0,,
GAS,17.0,0 days 00:01:13.244000,HARD,4.0,17.0,,
GAS,18.0,0 days 00:01:13.040000,HARD,5.0,17.0,,
GAS,19.0,0 days 00:01:12.932000,HARD,6.0,15.0,,
GAS,20.0,0 days 00:01:12.916000,HARD,7.0,14.0,,
GAS,21.0,0 days 00:01:12.772000,HARD,8.0,14.0,,
GAS,22.0,0 days 00:01:12.985000,HARD,9.0,13.0,,
GAS,23.0,0 days 00:01:13.890000,HARD,10.0,12.0,,
GAS,24.0,0 days 00:01:23.514000,HARD,11.0,12.0,,
GAS,25.0,0 days 00:01:36.491000,HARD,12.0,12.0,,
GAS,26.0,0 days 00:01:22.551000,HARD,13.0,12.0,,
GAS,27.0,0 days 00:01:13.061000,HARD,14.0,12.0,,
GAS,28.0,0 days 00:01:12.923000,HARD,15.0,12.0,,
GAS,29.0,0 days 00:01:13.094000,HARD,16.0,12.0,,
GAS,30.0,0 days 00:01:13.146000,HARD,17.0,12.0,,
GAS,31.0,0 days 00:01:13.156000,HARD,18.0,12.0,,
GAS,32.0,0 days 00:01:13.184000,HARD,19.0,12.0,,
GAS,33.0,0 days 00:01:13.464000,HARD,20.0,12.0,,
GAS,34.0,0 days 00:01:13.591000,HARD,21.0,12.0,,
GAS,35.0,0 days 00:01:13.749000,HARD,22.0,12.0,,
GAS,36.0,0 days 00:01:13.927000,HARD,23.0,12.0,,
GAS,37.0,0 days 00:01:13.947000,HARD,24.0,12.0,,
GAS,38.0,0 days 00:01:18.051000,HARD,25.0,13.0,0 days 01:45:00.666000,
GAS,39.0,0 days 00:01:29.337000,MEDIUM,1.0,14.0,,0 days 01:45:21.936000
GAS,40.0,0 days 00:01:12.259000,MEDIUM,2.0,14.0,,
GAS,41.0,0 days 00:01:12.291000,MEDIUM,3.0,14.0,,
GAS,42.0,0 days 00:01:12.583000,MEDIUM,4.0,14.0,,
GAS,43.0,0 days 00:01:12.471000,MEDIUM,5.0,13.0,,
GAS,44.0,0 days 00:01:12.371000,MEDIUM,6.0,13.0,,
GAS,45.0,0 days 00:01:12.718000,MEDIUM,7.0,13.0,,
GAS,46.0,0 days 00:01:12.366000,MEDIUM,8.0,12.0,,
GAS,47.0,0 days 00:01:12.967000,MEDIUM,9.0,12.0,,
GAS,48.0,0 days 00:01:13.261000,MEDIUM,10.0,12.0,,
GAS,49.0,0 days 00:01:12.557000,MEDIUM,11.0,12.0,,
GAS,50.0,0 days 00:01:12.686000,MEDIUM,12.0,12.0,,
GAS,51.0,0 days 00:01:18.808000,MEDIUM,13.0,12.0,0 days 02:01:07.572000,
GAS,52.0,0 days 00:01:31.156000,SOFT,1.0,13.0,,0 days 02:01:29.082000
GAS,53.0,0 days 00:01:13.630000,SOFT,2.0,13.0,,
GAS,54.0,0 days 00:01:11.466000,SOFT,3.0,13.0,,
GAS,55.0,0 days 00:01:12.805000,SOFT,4.0,13.0,,
GAS,56.0,0 days 00:01:12.053000,SOFT,5.0,13.0,,
GAS,57.0,0 days 00:01:13.102000,SOFT,6.0,13.0,,
GAS,58.0,0 days 00:01:13.762000,SOFT,7.0,13.0,,
GAS,59.0,0 days 00:01:11.953000,SOFT,8.0,13.0,,
GAS,60.0,0 days 00:01:11.581000,SOFT,9.0,13.0,,
GAS,61.0,0 days 00:01:11.651000,SOFT,10.0,13.0,,
GAS,62.0,0 days 00:01:11.625000,SOFT,11.0,13.0,,
GAS,63.0,0 days 00:01:11.779000,SOFT,12.0,13.0,,
GAS,64.0,0 days 00:01:13.001000,SOFT,13.0,13.0,,
GAS,65.0,0 days 00:01:12.076000,SOFT,14.0,13.0,,
GAS,66.0,0 days 00:01:12.223000,SOFT,15.0,13.0,,
GAS,67.0,0 days 00:01:12.562000,SOFT,16.0,13.0,,
GAS,68.0,0 days 00:01:11.986000,SOFT,17.0,13.0,,
GAS,69.0,0 days 00:01:12.970000,SOFT,18.0,13.0,,
GAS,70.0,0 days 00:01:12.673000,SOFT,19.0,13.0,,
PER,1.0,0 days 00:01:22.791000,MEDIUM,1.0,18.0,,
PER,2.0,0 days 00:01:15.275000,MEDIUM,2.0,18.0,,
PER,3.0,0 days 00:01:14.448000,MEDIUM,3.0,18.0,,
PER,4.0,0 days 00:01:24.857000,MEDIUM,4.0,21.0,0 days 01:02:21.090000,
ANT,1.0,0 days 00:01:16.931000,MEDIUM,1.0,4.0,,
ANT,2.0,0 days 00:01:14.216000,MEDIUM,2.0,5.0,,
ANT,3.0,0 days 00:01:12.568000,MEDIUM,3.0,5.0,,
ANT,4.0,0 days 00:01:12.114000,MEDIUM,4.0,5.0,,
ANT,5.0,0 days 00:01:12.168000,MEDIUM,5.0,5.0,,
ANT,6.0,0 days 00:01:12.285000,MEDIUM,6.0,5.0,,
ANT,7.0,0 days 00:01:12.607000,MEDIUM,7.0,4.0,,
ANT,8.0,0 days 00:01:12.163000,MEDIUM,8.0,4.0,,
ANT,9.0,0 days 00:01:12.268000,MEDIUM,9.0,4.0,,
ANT,10.0,0 days 00:01:12.586000,MEDIUM,10.0,4.0,,
ANT,11.0,0 days 00:01:13.147000,MEDIUM,11.0,4.0,,
ANT,12.0,0 days 00:01:13.221000,MEDIUM,12.0,3.0,,
ANT,13.0,0 days 00:01:12.782000,MEDIUM,13.0,3.0,,
ANT,14.0,0 days 00:01:12.696000,MEDIUM,14.0,3.0,,
ANT,15.0,0 days 00:01:12.993000,MEDIUM,15.0,3.0,,
ANT,16.0,0 days 00:01:12.883000,MEDIUM,16.0,3.0,,
ANT,17.0,0 days 00:01:12.474000,MEDIUM,17.0,3.0,,
ANT,18.0,0 days 00:01:12.816000,MEDIUM,18.0,2.0,,
ANT,19.0,0 days 00:01:12.476000,MEDIUM,19.0,2.0,,
ANT,20.0,0 days 00:01:13.419000,MEDIUM,20.0,1.0,,
ANT,21.0,0 days 00:01:12.804000,MEDIUM,21.0,1.0,,
ANT,22.0,0 days 00:01:13.952000,MEDIUM,22.0,1.0,,
ANT,23.0,0 days 00:01:13.136000,MEDIUM,23.0,1.0,,
ANT,24.0,0 days 00:01:18.234000,MEDIUM,24.0,1.0,0 days 01:26:21.234000,
ANT,25.0,0 days 00:01:53.381000,HARD,1.0,5.0,,0 days 01:26:42.417000
ANT,26.0,0 days 00:01:30.081000,HARD,2.0,4.0,,
ANT,27.0,0 days 00:01:11.342000,HARD,3.0,4.0,,
ANT,28.0,0 days 00:01:11.395000,HARD,4.0,4.0,,
ANT,29.0,0 days 00:01:12.092000,HARD,5.0,4.0,,
ANT,30.0,0 days 00:01:11.297000,HARD,6.0,3.0,,
ANT,31.0,0 days 00:01:11.430000,HARD,7.0,3.0,,
ANT,32.0,0 days 00:01:11.230000,HARD,8.0,3.0,,
ANT,33.0,0 days 00:01:11.368000,HARD,9.0,3.0,,
ANT,34.0,0 days 00:01:11.356000,HARD,10.0,3.0,,
ANT,35.0,0 days 00:01:11.363000,HARD,11.0,3.0,,
ANT,36.0,0 days 00:01:11.260000,HARD,12.0,3.0,,
ANT,37.0,0 days 00:01:11.327000,HARD,13.0,3.0,,
ANT,38.0,0 days 00:01:11.595000,HARD,14.0,3.0,,
ANT,39.0,0 days 00:01:11.644000,HARD,15.0,3.0,,
ANT,40.0,0 days 00:01:12.599000,HARD,16.0,3.0,,
ANT,41.0,0 days 00:01:12.131000,HARD,17.0,3.0,,
ANT,42.0,0 days 00:01:11.507000,HARD,18.0,3.0,,
ANT,43.0,0 days 00:01:11.691000,HARD,19.0,3.0,,
ANT,44.0,0 days 00:01:11.723000,HARD,20.0,2.0,,
ANT,45.0,0 days 00:01:11.825000,HARD,21.0,2.0,,
ANT,46.0,0 days 00:01:11.748000,HARD,22.0,2.0,,
ANT,47.0,0 days 00:01:11.785000,HARD,23.0,2.0,,
ANT,48.0,0 days 00:01:11.746000,HARD,24.0,2.0,,
ANT,49.0,0 days 00:01:12.214000,HARD,25.0,1.0,,
ANT,50.0,0 days 00:01:12.121000,HARD,26.0,1.0,,
ANT,51.0,0 days 00:01:16.579000,HARD,27.0,1.0,0 days 01:59:40.957000,
ANT,52.0,0 days 00:01:36.107000,HARD,1.0,3.0,,0 days 02:00:02.506000
ANT,53.0,0 days 00:01:15.677000,HARD,2.0,3.0,,
ANT,54.0,0 days 00:01:10.424000,HARD,3.0,3.0,,
ANT,55.0,0 days 00:01:10.444000,HARD,4.0,3.0,,
ANT,56.0,0 days 00:01:10.430000,HARD,5.0,3.0,,
ANT,57.0,0 days 00:01:10.470000,HARD,6.0,3.0,,
ANT,58.0,0 days 00:01:10.632000,HARD,7.0,3.0,,
ANT,59.0,0 days 00:01:10.374000,HARD,8.0,3.0,,
ANT,60.0,0 days 00:01:10.391000,HARD,9.0,3.0,,
ANT,61.0,0 days 00:01:10.442000,HARD,10.0,3.0,,
ANT,62.0,0 days 00:01:10.892000,HARD,11.0,3.0,,
ANT,63.0,0 days 00:01:11.051000,HARD,12.0,3.0,,
ANT,64.0,0 days 00:01:10.895000,HARD,13.0,3.0,,
ANT,65.0,0 days 00:01:10.640000,HARD,14.0,3.0,,
ANT,66.0,0 days 00:01:10.732000,HARD,15.0,3.0,,
ANT,67.0,0 days 00:01:11.031000,HARD,16.0,3.0,,
ANT,68.0,0 days 00:01:10.549000,HARD,17.0,3.0,,
ANT,69.0,0 days 00:01:10.407000,HARD,18.0,3.0,,
ANT,70.0,0 days 00:01:10.675000,HARD,19.0,3.0,,
ANT,71.0,0 days 00:01:10.933000,HARD,20.0,3.0,,
ALO,1.0,0 days 00:01:23.498000,MEDIUM,1.0,19.0,,
ALO,2.0,0 days 00:01:15.948000,MEDIUM,2.0,20.0,,
ALO,3.0,0 days 00:01:14.905000,MEDIUM,3.0,20.0,,
ALO,4.0,0 days 00:01:15.429000,MEDIUM,4.0,19.0,,
ALO,5.0,0 days 00:01:14.923000,MEDIUM,5.0,19.0,,
ALO,6.0,0 days 00:01:15.018000,MEDIUM,6.0,19.0,,
ALO,7.0,0 days 00:01:15.227000,MEDIUM,7.0,19.0,,
ALO,8.0,0 days 00:01:15.257000,MEDIUM,8.0,19.0,,
ALO,9.0,0 days 00:01:15.554000,MEDIUM,9.0,19.0,,
ALO,10.0,0 days 00:01:15.756000,MEDIUM,10.0,19.0,,
ALO,11.0,0 days 00:01:15.881000,MEDIUM,11.0,19.0,,
ALO,12.0,0 days 00:01:15.723000,MEDIUM,12.0,19.0,,
ALO,13.0,0 days 00:01:15.941000,MEDIUM,13.0,19.0,,
ALO,14.0,0 days 00:01:15.946000,MEDIUM,14.0,18.0,,
ALO,15.0,0 days 00:01:15.804000,MEDIUM,15.0,17.0,,
ALO,16.0,0 days 00:01:15.789000,MEDIUM,16.0,17.0,,
ALO,17.0,0 days 00:01:16.338000,MEDIUM,17.0,18.0,,
ALO,18.0,0 days 00:01:15.715000,MEDIUM,18.0,18.0,,
ALO,19.0,0 days 00:01:15.875000,MEDIUM,19.0,16.0,,
ALO,20.0,0 days 00:01:16.185000,MEDIUM,20.0,17.0,,
ALO,21.0,0 days 00:01:15.818000,MEDIUM,21.0,16.0,,
ALO,22.0,0 days 00:01:16.694000,MEDIUM,22.0,17.0,,
ALO,23.0,0 days 00:01:17.438000,MEDIUM,23.0,19.0,,
ALO,24.0,0 days 00:01:32.536000,MEDIUM,24.0,18.0,0 days 01:27:47.339000,
ALO,25.0,0 days 00:01:49.372000,SOFT,1.0,18.0,,0 days 01:28:09.582000
ALO,26.0,0 days 00:01:14.944000,SOFT,2.0,18.0,,
ALO,27.0,0 days 00:01:14.776000,SOFT,3.0,18.0,,
ALO,28.0,0 days 00:01:15.591000,SOFT,4.0,18.0,,
ALO,29.0,0 days 00:01:15.610000,SOFT,5.0,18.0,,
ALO,30.0,0 days 00:01:13.997000,SOFT,6.0,18.0,,
ALO,31.0,0 days 00:01:15.128000,SOFT,7.0,18.0,,
ALO,32.0,0 days 00:01:14.869000,SOFT,8.0,18.0,,
ALO,33.0,0 days 00:01:15.240000,SOFT,9.0,18.0,,
ALO,34.0,0 days 00:01:15.439000,SOFT,10.0,18.0,,
ALO,35.0,0 days 00:01:15.632000,SOFT,11.0,18.0,,
ALO,36.0,0 days 00:01:15.213000,SOFT,12.0,18.0,,
ALO,37.0,0 days 00:01:16.781000,SOFT,13.0,19.0,,
ALO,38.0,0 days 00:01:16.961000,SOFT,14.0,19.0,,
ALO,39.0,0 days 00:01:14.707000,SOFT,15.0,19.0,,
ALO,40.0,0 days 00:01:15.383000,SOFT,16.0,19.0,,
ALO,41.0,0 days 00:01:14.996000,SOFT,17.0,19.0,,
ALO,42.0,0 days 00:01:14.917000,SOFT,18.0,19.0,,
ALO,43.0,0 days 00:01:14.576000,SOFT,19.0,19.0,,
ALO,44.0,0 days 00:01:14.541000,SOFT,20.0,19.0,,
ALO,45.0,0 days 00:01:14.743000,SOFT,21.0,18.0,,
ALO,46.0,0 days 00:01:14.929000,SOFT,22.0,18.0,,
ALO,47.0,0 days 00:01:15.133000,SOFT,23.0,18.0,,
ALO,48.0,0 days 00:01:17.095000,SOFT,24.0,18.0,,
ALO,49.0,0 days 00:01:20.214000,SOFT,25.0,18.0,0 days 01:59:48.137000,
ALO,50.0,0 days 00:01:48.485000,SOFT,1.0,18.0,,0 days 02:00:17.016000
ALO,51.0,0 days 00:01:14.353000,SOFT,2.0,18.0,,
ALO,52.0,0 days 00:01:12.501000,SOFT,3.0,18.0,,
ALO,53.0,0 days 00:01:12.938000,SOFT,4.0,18.0,,
ALO,54.0,0 days 00:01:13.384000,SOFT,5.0,18.0,,
ALO,55.0,0 days 00:01:13.479000,SOFT,6.0,18.0,,
ALO,56.0,0 days 00:01:13.439000,SOFT,7.0,18.0,,
ALO,57.0,0 days 00:01:13.645000,SOFT,8.0,18.0,,
ALO,58.0,0 days 00:01:13.449000,SOFT,9.0,18.0,,
ALO,59.0,0 days 00:01:13.643000,SOFT,10.0,18.0,,
ALO,60.0,0 days 00:01:14.801000,SOFT,11.0,18.0,,
ALO,61.0,0 days 00:01:14.322000,SOFT,12.0,18.0,,
ALO,62.0,0 days 00:01:13.519000,SOFT,13.0,18.0,,
ALO,63.0,0 days 00:01:14.181000,SOFT,14.0,18.0,,
ALO,64.0,0 days 00:01:13.986000,SOFT,15.0,18.0,,
ALO,65.0,0 days 00:01:14.483000,SOFT,16.0,18.0,,
ALO,66.0,0 days 00:01:13.840000,SOFT,17.0,18.0,,
ALO,67.0,0 days 00:01:14.742000,SOFT,18.0,18.0,,
ALO,68.0,0 days 00:01:15.637000,SOFT,19.0,18.0,,
LEC,1.0,0 days 00:01:16.526000,MEDIUM,1.0,3.0,,
LEC,2.0,0 days 00:01:14.142000,MEDIUM,2.0,4.0,,
LEC,3.0,0 days 00:01:12.446000,MEDIUM,3.0,4.0,,
LEC,4.0,0 days 00:01:11.971000,MEDIUM,4.0,4.0,,
LEC,5.0,0 days 00:01:12.252000,MEDIUM,5.0,4.0,,
LEC,6.0,0 days 00:01:12.216000,MEDIUM,6.0,4.0,,
LEC,7.0,0 days 00:01:13.951000,MEDIUM,7.0,5.0,,
LEC,8.0,0 days 00:01:12.717000,MEDIUM,8.0,5.0,,
LEC,9.0,0 days 00:01:12.895000,MEDIUM,9.0,5.0,,
LEC,10.0,0 days 00:01:13.061000,MEDIUM,10.0,5.0,,
LEC,11.0,0 days 00:01:13.493000,MEDIUM,11.0,5.0,,
LEC,12.0,0 days 00:01:13.433000,MEDIUM,12.0,5.0,,
LEC,13.0,0 days 00:01:17.722000,MEDIUM,13.0,7.0,0 days 01:13:00.677000,
LEC,14.0,0 days 00:01:29.806000,HARD,1.0,11.0,,0 days 01:13:22.462000
LEC,15.0,0 days 00:01:12.788000,HARD,2.0,11.0,,
LEC,16.0,0 days 00:01:12.567000,HARD,3.0,11.0,,
LEC,17.0,0 days 00:01:12.975000,HARD,4.0,10.0,,
LEC,18.0,0 days 00:01:12.591000,HARD,5.0,9.0,,
LEC,19.0,0 days 00:01:12.245000,HARD,6.0,7.0,,
LEC,20.0,0 days 00:01:12.066000,HARD,7.0,6.0,,
LEC,21.0,0 days 00:01:11.661000,HARD,8.0,6.0,,
LEC,22.0,0 days 00:01:11.932000,HARD,9.0,5.0,,
LEC,23.0,0 days 00:01:11.830000,HARD,10.0,5.0,,
LEC,24.0,0 days 00:01:12.699000,HARD,11.0,5.0,,
LEC,25.0,0 days 00:01:38.068000,HARD,12.0,4.0,,
LEC,26.0,0 days 00:01:30.934000,HARD,13.0,3.0,,
LEC,27.0,0 days 00:01:11.905000,HARD,14.0,3.0,,
LEC,28.0,0 days 00:01:11.737000,HARD,15.0,3.0,,
LEC,29.0,0 days 00:01:11.995000,HARD,16.0,3.0,,
LEC,30.0,0 days 00:01:12.682000,HARD,17.0,4.0,,
LEC,31.0,0 days 00:01:11.859000,HARD,18.0,4.0,,
LEC,32.0,0 days 00:01:12.044000,HARD,19.0,4.0,,
LEC,33.0,0 days 00:01:12.345000,HARD,20.0,4.0,,
LEC,34.0,0 days 00:01:12.316000,HARD,21.0,4.0,,
LEC,35.0,0 days 00:01:12.190000,HARD,22.0,4.0,,
LEC,36.0,0 days 00:01:12.588000,HARD,23.0,4.0,,
LEC,37.0,0 days 00:01:18.434000,HARD,24.0,7.0,0 days 01:43:03.214000,
LEC,38.0,0 days 00:01:28.302000,HARD,1.0,8.0,,0 days 01:43:24.256000
LEC,39.0,0 days 00:01:11.611000,HARD,2.0,8.0,,
LEC,40.0,0 days 00:01:11.701000,HARD,3.0,8.0,,
LEC,41.0,0 days 00:01:11.055000,HARD,4.0,7.0,,
LEC,42.0,0 days 00:01:10.916000,HARD,5.0,7.0,,
LEC,43.0,0 days 00:01:11.184000,HARD,6.0,5.0,,
LEC,44.0,0 days 00:01:11.165000,HARD,7.0,5.0,,
LEC,45.0,0 days 00:01:11.251000,HARD,8.0,5.0,,
LEC,46.0,0 days 00:01:11.718000,HARD,9.0,5.0,,
LEC,47.0,0 days 00:01:11.665000,HARD,10.0,5.0,,
LEC,48.0,0 days 00:01:12.597000,HARD,11.0,5.0,,
LEC,49.0,0 days 00:01:11.607000,HARD,12.0,5.0,,
LEC,50.0,0 days 00:01:11.537000,HARD,13.0,5.0,,
LEC,51.0,0 days 00:01:11.582000,HARD,14.0,5.0,,
LEC,52.0,0 days 00:01:21.968000,HARD,15.0,6.0,,
LEC,53.0,0 days 00:01:14.572000,HARD,16.0,6.0,,
LEC,54.0,0 days 00:01:12.063000,HARD,17.0,6.0,,
LEC,55.0,0 days 00:01:12.011000,HARD,18.0,6.0,,
LEC,56.0,0 days 00:01:14.030000,HARD,19.0,7.0,,
LEC,57.0,0 days 00:01:12.075000,HARD,20.0,7.0,,
LEC,58.0,0 days 00:01:12.651000,HARD,21.0,7.0,,
LEC,59.0,0 days 00:01:18.286000,HARD,22.0,8.0,0 days 02:09:58.995000,
LEC,60.0,0 days 00:01:29.606000,SOFT,4.0,8.0,,0 days 02:10:21.737000
LEC,61.0,0 days 00:01:10.870000,SOFT,5.0,8.0,,
LEC,62.0,0 days 00:01:11.098000,SOFT,6.0,8.0,,
LEC,63.0,0 days 00:01:10.936000,SOFT,7.0,8.0,,
LEC,64.0,0 days 00:01:10.878000,SOFT,8.0,8.0,,
LEC,65.0,0 days 00:01:11.021000,SOFT,9.0,8.0,,
LEC,66.0,0 days 00:01:10.684000,SOFT,10.0,8.0,,
LEC,67.0,0 days 00:01:10.606000,SOFT,11.0,8.0,,
LEC,68.0,0 days 00:01:10.713000,SOFT,12.0,8.0,,
LEC,69.0,0 days 00:01:10.803000,SOFT,13.0,8.0,,
LEC,70.0,0 days 00:01:10.998000,SOFT,14.0,8.0,,
LEC,71.0,0 days 00:01:10.796000,SOFT,15.0,8.0,,
STR,1.0,0 days 00:01:24.834000,MEDIUM,1.0,22.0,,
STR,2.0,0 days 00:01:16.042000,MEDIUM,2.0,21.0,,
STR,3.0,0 days 00:01:15.015000,MEDIUM,3.0,21.0,,
STR,4.0,0 days 00:01:15.217000,MEDIUM,4.0,20.0,,
STR,5.0,0 days 00:01:14.987000,MEDIUM,5.0,20.0,,
STR,6.0,0 days 00:01:14.995000,MEDIUM,6.0,20.0,,
STR,7.0,0 days 00:01:15.590000,MEDIUM,7.0,20.0,,
STR,8.0,0 days 00:01:15.485000,MEDIUM,8.0,20.0,,
STR,9.0,0 days 00:01:15.455000,MEDIUM,9.0,20.0,,
STR,10.0,0 days 00:01:15.640000,MEDIUM,10.0,20.0,,
STR,11.0,0 days 00:01:15.956000,MEDIUM,11.0,20.0,,
STR,12.0,0 days 00:01:15.835000,MEDIUM,12.0,20.0,,
STR,13.0,0 days 00:01:15.717000,MEDIUM,13.0,20.0,,
STR,14.0,0 days 00:01:15.964000,MEDIUM,14.0,19.0,,
STR,15.0,0 days 00:01:15.826000,MEDIUM,15.0,18.0,,
STR,16.0,0 days 00:01:16.640000,MEDIUM,16.0,19.0,,
STR,17.0,0 days 00:01:15.683000,MEDIUM,17.0,19.0,,
STR,18.0,0 days 00:01:15.879000,MEDIUM,18.0,19.0,,
STR,19.0,0 days 00:01:16.515000,MEDIUM,19.0,18.0,,
STR,20.0,0 days 00:01:16.451000,MEDIUM,20.0,19.0,,
STR,21.0,0 days 00:01:17.047000,MEDIUM,21.0,19.0,,
STR,22.0,0 days 00:01:16.336000,MEDIUM,22.0,20.0,,
STR,23.0,0 days 00:01:17.269000,MEDIUM,23.0,20.0,,
STR,24.0,0 days 00:01:37.078000,MEDIUM,24.0,19.0,0 days 01:27:54.886000,
STR,25.0,0 days 00:01:48.627000,SOFT,1.0,19.0,,0 days 01:28:18.228000
STR,26.0,0 days 00:01:14.671000,SOFT,2.0,19.0,,
STR,27.0,0 days 00:01:16.193000,SOFT,3.0,19.0,,
STR,28.0,0 days 00:01:14.161000,SOFT,4.0,19.0,,
STR,29.0,0 days 00:01:15.246000,SOFT,5.0,19.0,,
STR,30.0,0 days 00:01:13.796000,SOFT,6.0,19.0,,
STR,31.0,0 days 00:01:14.006000,SOFT,7.0,19.0,,
STR,32.0,0 days 00:01:14.101000,SOFT,8.0,19.0,,
STR,33.0,0 days 00:01:14.416000,SOFT,9.0,19.0,,
STR,34.0,0 days 00:01:14.224000,SOFT,10.0,19.0,,
STR,35.0,0 days 00:01:14.355000,SOFT,11.0,19.0,,
STR,36.0,0 days 00:01:14.615000,SOFT,12.0,19.0,,
STR,37.0,0 days 00:01:14.863000,SOFT,13.0,18.0,,
STR,38.0,0 days 00:01:17.360000,SOFT,14.0,18.0,,
STR,39.0,0 days 00:01:14.619000,SOFT,15.0,18.0,,
STR,40.0,0 days 00:01:14.584000,SOFT,16.0,18.0,,
STR,41.0,0 days 00:01:16.040000,SOFT,17.0,18.0,,
STR,42.0,0 days 00:01:14.654000,SOFT,18.0,18.0,,
STR,43.0,0 days 00:01:14.641000,SOFT,19.0,18.0,,
STR,44.0,0 days 00:01:14.530000,SOFT,20.0,18.0,,
STR,45.0,0 days 00:01:47.427000,SOFT,21.0,19.0,0 days 01:55:10.577000,
ALB,1.0,0 days 00:01:22.522000,MEDIUM,1.0,17.0,,
ALB,2.0,0 days 00:01:14.956000,MEDIUM,2.0,17.0,,
ALB,3.0,0 days 00:01:14.318000,MEDIUM,3.0,17.0,,
ALB,4.0,0 days 00:01:14.270000,MEDIUM,4.0,17.0,,
ALB,5.0,0 days 00:01:14.288000,MEDIUM,5.0,17.0,,
ALB,6.0,0 days 00:01:14.684000,MEDIUM,6.0,17.0,,
ALB,7.0,0 days 00:01:14.463000,MEDIUM,7.0,17.0,,
ALB,8.0,0 days 00:01:14.716000,MEDIUM,8.0,17.0,,
ALB,9.0,0 days 00:01:15.298000,MEDIUM,9.0,17.0,,
ALB,10.0,0 days 00:01:15.141000,MEDIUM,10.0,17.0,,
ALB,11.0,0 days 00:01:15.982000,MEDIUM,11.0,17.0,,
ALB,12.0,0 days 00:01:15.281000,MEDIUM,12.0,17.0,,
ALB,13.0,0 days 00:01:15.112000,MEDIUM,13.0,17.0,,
ALB,14.0,0 days 00:01:14.921000,MEDIUM,14.0,15.0,,
ALB,15.0,0 days 00:01:14.858000,MEDIUM,15.0,15.0,,
ALB,16.0,0 days 00:01:14.979000,MEDIUM,16.0,15.0,,
ALB,17.0,0 days 00:01:15.072000,MEDIUM,17.0,15.0,,
ALB,18.0,0 days 00:01:18.858000,MEDIUM,18.0,16.0,0 days 01:19:43.679000,
ALB,19.0,0 days 00:01:31.904000,MEDIUM,1.0,20.0,,0 days 01:20:04.981000
ALB,20.0,0 days 00:01:13.642000,MEDIUM,2.0,20.0,,
ALB,21.0,0 days 00:01:13.823000,MEDIUM,3.0,18.0,,
ALB,22.0,0 days 00:01:14.202000,MEDIUM,4.0,18.0,,
ALB,23.0,0 days 00:01:13.794000,MEDIUM,5.0,17.0,,
ALB,24.0,0 days 00:01:32.190000,MEDIUM,6.0,16.0,,
ALB,25.0,0 days 00:01:34.459000,MEDIUM,7.0,16.0,,
ALB,26.0,0 days 00:01:15.348000,MEDIUM,8.0,16.0,,
ALB,27.0,0 days 00:01:13.344000,MEDIUM,9.0,16.0,,
ALB,28.0,0 days 00:01:13.531000,MEDIUM,10.0,16.0,,
ALB,29.0,0 days 00:01:13.404000,MEDIUM,11.0,16.0,,
ALB,30.0,0 days 00:01:14.285000,MEDIUM,12.0,17.0,,
ALB,31.0,0 days 00:01:14.701000,MEDIUM,13.0,17.0,,
ALB,32.0,0 days 00:01:14.764000,MEDIUM,14.0,17.0,,
ALB,33.0,0 days 00:01:14.294000,MEDIUM,15.0,17.0,,
ALB,34.0,0 days 00:01:14.002000,MEDIUM,16.0,16.0,,
ALB,35.0,0 days 00:01:15.013000,MEDIUM,17.0,16.0,,
ALB,36.0,0 days 00:01:14.131000,MEDIUM,18.0,16.0,,
ALB,37.0,0 days 00:01:18.040000,MEDIUM,19.0,16.0,0 days 01:44:12.705000,
ALB,38.0,0 days 00:01:31.910000,HARD,1.0,17.0,,0 days 01:44:33.961000
ALB,39.0,0 days 00:01:13.202000,HARD,2.0,17.0,,
ALB,40.0,0 days 00:01:13.974000,HARD,3.0,17.0,,
ALB,41.0,0 days 00:01:13.163000,HARD,4.0,17.0,,
ALB,42.0,0 days 00:01:13.526000,HARD,5.0,17.0,,
ALB,43.0,0 days 00:01:13.137000,HARD,6.0,17.0,,
ALB,44.0,0 days 00:01:13.181000,HARD,7.0,17.0,,
ALB,45.0,0 days 00:01:13.390000,HARD,8.0,17.0,,
ALB,46.0,0 days 00:01:13.426000,HARD,9.0,17.0,,
ALB,47.0,0 days 00:01:13.635000,HARD,10.0,16.0,,
ALB,48.0,0 days 00:01:13.344000,HARD,11.0,16.0,,
ALB,49.0,0 days 00:01:14.020000,HARD,12.0,17.0,,
ALB,50.0,0 days 00:01:13.711000,HARD,13.0,17.0,,
ALB,51.0,0 days 00:01:24.164000,HARD,14.0,17.0,,
ALB,52.0,0 days 00:01:13.575000,HARD,15.0,17.0,,
ALB,53.0,0 days 00:01:13.197000,HARD,16.0,17.0,,
ALB,54.0,0 days 00:01:13.197000,HARD,17.0,17.0,,
ALB,55.0,0 days 00:01:13.301000,HARD,18.0,17.0,,
ALB,56.0,0 days 00:01:13.484000,HARD,19.0,17.0,,
ALB,57.0,0 days 00:01:13.664000,HARD,20.0,17.0,,
ALB,58.0,0 days 00:01:13.538000,HARD,21.0,17.0,,
ALB,59.0,0 days 00:01:13.351000,HARD,22.0,17.0,,
ALB,60.0,0 days 00:01:13.735000,HARD,23.0,17.0,,
ALB,61.0,0 days 00:01:14.077000,HARD,24.0,17.0,,
ALB,62.0,0 days 00:01:13.893000,HARD,25.0,17.0,,
ALB,63.0,0 days 00:01:16.208000,HARD,26.0,17.0,,
ALB,64.0,0 days 00:01:16.311000,HARD,27.0,17.0,,
ALB,65.0,0 days 00:01:14.656000,HARD,28.0,17.0,,
ALB,66.0,0 days 00:01:16.007000,HARD,29.0,17.0,,
ALB,67.0,0 days 00:01:15.416000,HARD,30.0,17.0,,
ALB,68.0,0 days 00:01:15.609000,HARD,31.0,17.0,,
ALB,69.0,0 days 00:01:16.469000,HARD,32.0,17.0,,
HUL,1.0,0 days 00:01:21.214000,MEDIUM,1.0,14.0,,
HUL,2.0,0 days 00:01:14.302000,MEDIUM,2.0,14.0,,
HUL,3.0,0 days 00:01:13.988000,MEDIUM,3.0,14.0,,
HUL,4.0,0 days 00:01:13.905000,MEDIUM,4.0,14.0,,
HUL,5.0,0 days 00:01:14.026000,MEDIUM,5.0,14.0,,
HUL,6.0,0 days 00:01:14.391000,MEDIUM,6.0,14.0,,
HUL,7.0,0 days 00:01:14.418000,MEDIUM,7.0,14.0,,
HUL,8.0,0 days 00:01:14.675000,MEDIUM,8.0,14.0,,
HUL,9.0,0 days 00:01:14.506000,MEDIUM,9.0,14.0,,
HUL,10.0,0 days 00:01:15.271000,MEDIUM,10.0,14.0,,
HUL,11.0,0 days 00:01:15.626000,MEDIUM,11.0,14.0,,
HUL,12.0,0 days 00:01:15.137000,MEDIUM,12.0,14.0,,
HUL,13.0,0 days 00:01:15.169000,MEDIUM,13.0,13.0,,
HUL,14.0,0 days 00:01:14.773000,MEDIUM,14.0,13.0,,
HUL,15.0,0 days 00:01:14.945000,MEDIUM,15.0,13.0,,
HUL,16.0,0 days 00:01:14.474000,MEDIUM,16.0,12.0,,
HUL,17.0,0 days 00:01:15.244000,MEDIUM,17.0,12.0,,
HUL,18.0,0 days 00:01:14.765000,MEDIUM,18.0,11.0,,
HUL,19.0,0 days 00:01:14.434000,MEDIUM,19.0,10.0,,
HUL,20.0,0 days 00:01:14.408000,MEDIUM,20.0,9.0,,
HUL,21.0,0 days 00:01:18.389000,MEDIUM,21.0,12.0,0 days 01:23:21.914000,
HUL,22.0,0 days 00:01:30.115000,MEDIUM,1.0,15.0,,0 days 01:23:43.592000
HUL,23.0,0 days 00:01:13.210000,MEDIUM,2.0,14.0,,
HUL,24.0,0 days 00:01:28.537000,MEDIUM,3.0,14.0,,
HUL,25.0,0 days 00:01:34.121000,MEDIUM,4.0,13.0,,
HUL,26.0,0 days 00:01:18.893000,MEDIUM,5.0,13.0,,
HUL,27.0,0 days 00:01:12.630000,MEDIUM,6.0,13.0,,
HUL,28.0,0 days 00:01:12.965000,MEDIUM,7.0,13.0,,
HUL,29.0,0 days 00:01:12.755000,MEDIUM,8.0,13.0,,
HUL,30.0,0 days 00:01:12.673000,MEDIUM,9.0,13.0,,
HUL,31.0,0 days 00:01:12.629000,MEDIUM,10.0,13.0,,
HUL,32.0,0 days 00:01:12.470000,MEDIUM,11.0,13.0,,
HUL,33.0,0 days 00:01:12.863000,MEDIUM,12.0,13.0,,
HUL,34.0,0 days 00:01:12.650000,MEDIUM,13.0,13.0,,
HUL,35.0,0 days 00:01:12.663000,MEDIUM,14.0,13.0,,
HUL,36.0,0 days 00:01:12.792000,MEDIUM,15.0,13.0,,
HUL,37.0,0 days 00:01:12.747000,MEDIUM,16.0,13.0,,
HUL,38.0,0 days 00:01:12.959000,MEDIUM,17.0,12.0,,
HUL,39.0,0 days 00:01:12.988000,MEDIUM,18.0,12.0,,
HUL,40.0,0 days 00:01:12.757000,MEDIUM,19.0,12.0,,
HUL,41.0,0 days 00:01:13.096000,MEDIUM,20.0,12.0,,
HUL,42.0,0 days 00:01:12.891000,MEDIUM,21.0,12.0,,
HUL,43.0,0 days 00:01:13.058000,MEDIUM,22.0,12.0,,
HUL,44.0,0 days 00:01:13.105000,MEDIUM,23.0,12.0,,
HUL,45.0,0 days 00:01:17.060000,MEDIUM,24.0,11.0,0 days 01:53:34.837000,
HUL,46.0,0 days 00:01:29.611000,HARD,1.0,13.0,,0 days 01:53:57.409000
HUL,47.0,0 days 00:01:12.534000,HARD,2.0,13.0,,
HUL,48.0,0 days 00:01:12.446000,HARD,3.0,13.0,,
HUL,49.0,0 days 00:01:12.255000,HARD,4.0,13.0,,
HUL,50.0,0 days 00:01:13.623000,HARD,5.0,13.0,,
HUL,51.0,0 days 00:01:20.193000,HARD,6.0,13.0,,
HUL,52.0,0 days 00:01:16.548000,HARD,7.0,12.0,,
HUL,53.0,0 days 00:01:13.956000,HARD,8.0,12.0,,
HUL,54.0,0 days 00:01:11.722000,HARD,9.0,12.0,,
HUL,55.0,0 days 00:01:11.634000,HARD,10.0,12.0,,
HUL,56.0,0 days 00:01:11.772000,HARD,11.0,12.0,,
HUL,57.0,0 days 00:01:13.683000,HARD,12.0,12.0,,
HUL,58.0,0 days 00:01:12.082000,HARD,13.0,12.0,,
HUL,59.0,0 days 00:01:12.413000,HARD,14.0,12.0,,
HUL,60.0,0 days 00:01:12.796000,HARD,15.0,12.0,,
HUL,61.0,0 days 00:01:15.042000,HARD,16.0,12.0,,
HUL,62.0,0 days 00:01:12.449000,HARD,17.0,12.0,,
HUL,63.0,0 days 00:01:13.081000,HARD,18.0,12.0,,
HUL,64.0,0 days 00:01:12.846000,HARD,19.0,12.0,,
HUL,65.0,0 days 00:01:12.344000,HARD,20.0,12.0,,
HUL,66.0,0 days 00:01:12.492000,HARD,21.0,12.0,,
HUL,67.0,0 days 00:01:12.301000,HARD,22.0,12.0,,
HUL,68.0,0 days 00:01:12.371000,HARD,23.0,12.0,,
HUL,69.0,0 days 00:01:13.022000,HARD,24.0,12.0,,
HUL,70.0,0 days 00:01:12.560000,HARD,25.0,12.0,,
VER,1.0,0 days 00:01:17.653000,MEDIUM,1.0,5.0,,
VER,2.0,0 days 00:01:12.102000,MEDIUM,2.0,3.0,,
VER,3.0,0 days 00:01:12.084000,MEDIUM,3.0,3.0,,
VER,4.0,0 days 00:01:11.733000,MEDIUM,4.0,3.0,,
VER,5.0,0 days 00:01:11.846000,MEDIUM,5.0,3.0,,
VER,6.0,0 days 00:01:11.845000,MEDIUM,6.0,3.0,,
VER,7.0,0 days 00:01:12.072000,MEDIUM,7.0,3.0,,
VER,8.0,0 days 00:01:12.396000,MEDIUM,8.0,3.0,,
VER,9.0,0 days 00:01:12.558000,MEDIUM,9.0,3.0,,
VER,10.0,0 days 00:01:12.875000,MEDIUM,10.0,3.0,,
VER,11.0,0 days 00:01:14.413000,MEDIUM,11.0,3.0,,
VER,12.0,0 days 00:01:13.340000,MEDIUM,12.0,2.0,,
VER,13.0,0 days 00:01:12.789000,MEDIUM,13.0,2.0,,
VER,14.0,0 days 00:01:12.607000,MEDIUM,14.0,2.0,,
VER,15.0,0 days 00:01:12.765000,MEDIUM,15.0,2.0,,
VER,16.0,0 days 00:01:12.626000,MEDIUM,16.0,2.0,,
VER,17.0,0 days 00:01:12.733000,MEDIUM,17.0,2.0,,
VER,18.0,0 days 00:01:16.633000,MEDIUM,18.0,3.0,0 days 01:18:58.999000,
VER,19.0,0 days 00:01:28.537000,HARD,1.0,6.0,,0 days 01:19:20.279000
VER,20.0,0 days 00:01:11.480000,HARD,2.0,5.0,,
VER,21.0,0 days 00:01:11.484000,HARD,3.0,4.0,,
VER,22.0,0 days 00:01:12.409000,HARD,4.0,3.0,,
VER,23.0,0 days 00:01:11.787000,HARD,5.0,3.0,,
VER,24.0,0 days 00:01:12.016000,HARD,6.0,3.0,,
VER,25.0,0 days 00:01:36.916000,HARD,7.0,2.0,,
VER,26.0,0 days 00:01:33.030000,HARD,8.0,2.0,,
VER,27.0,0 days 00:01:11.307000,HARD,9.0,2.0,,
VER,28.0,0 days 00:01:11.072000,HARD,10.0,2.0,,
VER,29.0,0 days 00:01:11.209000,HARD,11.0,2.0,,
VER,30.0,0 days 00:01:11.041000,HARD,12.0,2.0,,
VER,31.0,0 days 00:01:11.249000,HARD,13.0,2.0,,
VER,32.0,0 days 00:01:11.492000,HARD,14.0,2.0,,
VER,33.0,0 days 00:01:11.442000,HARD,15.0,2.0,,
VER,34.0,0 days 00:01:11.846000,HARD,16.0,2.0,,
VER,35.0,0 days 00:01:11.606000,HARD,17.0,2.0,,
VER,36.0,0 days 00:01:11.931000,HARD,18.0,2.0,,
VER,37.0,0 days 00:01:11.809000,HARD,19.0,2.0,,
VER,38.0,0 days 00:01:12.159000,HARD,20.0,2.0,,
VER,39.0,0 days 00:01:12.245000,HARD,21.0,2.0,,
VER,40.0,0 days 00:01:12.132000,HARD,22.0,2.0,,
VER,41.0,0 days 00:01:11.892000,HARD,23.0,2.0,,
VER,42.0,0 days 00:01:12.168000,HARD,24.0,2.0,,
VER,43.0,0 days 00:01:12.087000,HARD,25.0,1.0,,
VER,44.0,0 days 00:01:12.414000,HARD,26.0,1.0,,
VER,45.0,0 days 00:01:12.356000,HARD,27.0,1.0,,
VER,46.0,0 days 00:01:12.380000,HARD,28.0,1.0,,
VER,47.0,0 days 00:01:12.630000,HARD,29.0,1.0,,
VER,48.0,0 days 00:01:12.681000,HARD,30.0,1.0,,
VER,49.0,0 days 00:01:17.001000,HARD,31.0,2.0,0 days 01:57:15.103000,
VER,50.0,0 days 00:01:27.513000,HARD,1.0,3.0,,0 days 01:57:36.400000
VER,51.0,0 days 00:01:10.888000,HARD,2.0,3.0,,
VER,52.0,0 days 00:01:17.264000,HARD,3.0,2.0,,
VER,53.0,0 days 00:01:16.936000,HARD,4.0,2.0,,
VER,54.0,0 days 00:01:10.596000,HARD,5.0,2.0,,
VER,55.0,0 days 00:01:10.599000,HARD,6.0,2.0,,
VER,56.0,0 days 00:01:10.633000,HARD,7.0,2.0,,
VER,57.0,0 days 00:01:10.483000,HARD,8.0,2.0,,
VER,58.0,0 days 00:01:10.622000,HARD,9.0,2.0,,
VER,59.0,0 days 00:01:10.508000,HARD,10.0,2.0,,
VER,60.0,0 days 00:01:10.900000,HARD,11.0,2.0,,
VER,61.0,0 days 00:01:10.828000,HARD,12.0,2.0,,
VER,62.0,0 days 00:01:11.077000,HARD,13.0,2.0,,
VER,63.0,0 days 00:01:10.936000,HARD,14.0,2.0,,
VER,64.0,0 days 00:01:10.846000,HARD,15.0,2.0,,
VER,65.0,0 days 00:01:11.038000,HARD,16.0,2.0,,
VER,66.0,0 days 00:01:11.149000,HARD,17.0,2.0,,
VER,67.0,0 days 00:01:11.467000,HARD,18.0,2.0,,
VER,68.0,0 days 00:01:11.016000,HARD,19.0,2.0,,
VER,69.0,0 days 00:01:11.034000,HARD,20.0,2.0,,
VER,70.0,0 days 00:01:11.133000,HARD,21.0,2.0,,
VER,71.0,0 days 00:01:11.246000,HARD,22.0,2.0,,
LAW,1.0,0 days 00:01:18.967000,MEDIUM,1.0,8.0,,
LAW,2.0,0 days 00:01:13.546000,MEDIUM,2.0,8.0,,
LAW,3.0,0 days 00:01:13.610000,MEDIUM,3.0,8.0,,
LAW,4.0,0 days 00:01:14.368000,MEDIUM,4.0,9.0,,
LAW,5.0,0 days 00:01:13.224000,MEDIUM,5.0,9.0,,
LAW,6.0,0 days 00:01:13.108000,MEDIUM,6.0,9.0,,
LAW,7.0,0 days 00:01:13.265000,MEDIUM,7.0,9.0,,
LAW,8.0,0 days 00:01:13.244000,MEDIUM,8.0,9.0,,
LAW,9.0,0 days 00:01:13.428000,MEDIUM,9.0,9.0,,
LAW,10.0,0 days 00:01:13.576000,MEDIUM,10.0,9.0,,
LAW,11.0,0 days 00:01:13.714000,MEDIUM,11.0,9.0,,
LAW,12.0,0 days 00:01:13.624000,MEDIUM,12.0,9.0,,
LAW,13.0,0 days 00:01:13.823000,MEDIUM,13.0,8.0,,
LAW,14.0,0 days 00:01:13.824000,MEDIUM,14.0,7.0,,
LAW,15.0,0 days 00:01:13.988000,MEDIUM,15.0,7.0,,
LAW,16.0,0 days 00:01:13.857000,MEDIUM,16.0,7.0,,
LAW,17.0,0 days 00:01:14.092000,MEDIUM,17.0,7.0,,
LAW,18.0,0 days 00:01:15.098000,MEDIUM,18.0,8.0,,
LAW,19.0,0 days 00:01:18.467000,MEDIUM,19.0,8.0,0 days 01:20:34.797000,
LAW,20.0,0 days 00:01:31.043000,HARD,1.0,10.0,,0 days 01:20:56.835000
LAW,21.0,0 days 00:01:13.679000,HARD,2.0,10.0,,
LAW,22.0,0 days 00:01:13.088000,HARD,3.0,10.0,,
LAW,23.0,0 days 00:01:12.637000,HARD,4.0,10.0,,
LAW,24.0,0 days 00:01:21.637000,HARD,5.0,10.0,,
LAW,25.0,0 days 00:01:38.072000,HARD,6.0,10.0,,
LAW,26.0,0 days 00:01:21.479000,HARD,7.0,10.0,,
LAW,27.0,0 days 00:01:12.726000,HARD,8.0,10.0,,
LAW,28.0,0 days 00:01:12.416000,HARD,9.0,10.0,,
LAW,29.0,0 days 00:01:12.214000,HARD,10.0,10.0,,
LAW,30.0,0 days 00:01:12.544000,HARD,11.0,10.0,,
LAW,31.0,0 days 00:01:12.577000,HARD,12.0,10.0,,
LAW,32.0,0 days 00:01:12.468000,HARD,13.0,10.0,,
LAW,33.0,0 days 00:01:12.671000,HARD,14.0,10.0,,
LAW,34.0,0 days 00:01:12.784000,HARD,15.0,10.0,,
LAW,35.0,0 days 00:01:13.035000,HARD,16.0,10.0,,
LAW,36.0,0 days 00:01:12.960000,HARD,17.0,10.0,,
LAW,37.0,0 days 00:01:13.211000,HARD,18.0,10.0,,
LAW,38.0,0 days 00:01:14.115000,HARD,19.0,10.0,,
LAW,39.0,0 days 00:01:14.467000,HARD,20.0,10.0,,
LAW,40.0,0 days 00:01:13.118000,HARD,21.0,10.0,,
LAW,41.0,0 days 00:01:13.068000,HARD,22.0,10.0,,
LAW,42.0,0 days 00:01:13.279000,HARD,23.0,10.0,,
LAW,43.0,0 days 00:01:13.635000,HARD,24.0,10.0,,
LAW,44.0,0 days 00:01:13.993000,HARD,25.0,10.0,,
LAW,45.0,0 days 00:01:18.081000,HARD,26.0,10.0,0 days 01:53:19.988000,
LAW,46.0,0 days 00:01:29.493000,MEDIUM,1.0,10.0,,0 days 01:53:41.674000
LAW,47.0,0 days 00:01:12.099000,MEDIUM,2.0,9.0,,
LAW,48.0,0 days 00:01:12.149000,MEDIUM,3.0,9.0,,
LAW,49.0,0 days 00:01:12.133000,MEDIUM,4.0,9.0,,
LAW,50.0,0 days 00:01:11.946000,MEDIUM,5.0,9.0,,
LAW,51.0,0 days 00:01:12.537000,MEDIUM,6.0,9.0,,
LAW,52.0,0 days 00:01:24.063000,MEDIUM,7.0,9.0,,
LAW,53.0,0 days 00:01:11.774000,MEDIUM,8.0,9.0,,
LAW,54.0,0 days 00:01:11.750000,MEDIUM,9.0,9.0,,
LAW,55.0,0 days 00:01:11.547000,MEDIUM,10.0,9.0,,
LAW,56.0,0 days 00:01:11.809000,MEDIUM,11.0,9.0,,
LAW,57.0,0 days 00:01:13.698000,MEDIUM,12.0,9.0,,
LAW,58.0,0 days 00:01:11.944000,MEDIUM,13.0,9.0,,
LAW,59.0,0 days 00:01:11.810000,MEDIUM,14.0,9.0,,
LAW,60.0,0 days 00:01:11.875000,MEDIUM,15.0,9.0,,
LAW,61.0,0 days 00:01:12.118000,MEDIUM,16.0,9.0,,
LAW,62.0,0 days 00:01:14.159000,MEDIUM,17.0,9.0,,
LAW,63.0,0 days 00:01:14.033000,MEDIUM,18.0,9.0,,
LAW,64.0,0 days 00:01:12.046000,MEDIUM,19.0,9.0,,
LAW,65.0,0 days 00:01:12.274000,MEDIUM,20.0,9.0,,
LAW,66.0,0 days 00:01:12.701000,MEDIUM,21.0,9.0,,
LAW,67.0,0 days 00:01:12.619000,MEDIUM,22.0,9.0,,
LAW,68.0,0 days 00:01:12.352000,MEDIUM,23.0,9.0,,
LAW,69.0,0 days 00:01:12.278000,MEDIUM,24.0,9.0,,
LAW,70.0,0 days 00:01:12.286000,MEDIUM,25.0,9.0,,
OCO,1.0,0 days 00:01:20.541000,MEDIUM,1.0,12.0,,
OCO,2.0,0 days 00:01:13.849000,MEDIUM,2.0,11.0,,
OCO,3.0,0 days 00:01:13.645000,MEDIUM,3.0,11.0,,
OCO,4.0,0 days 00:01:14.103000,MEDIUM,4.0,11.0,,
OCO,5.0,0 days 00:01:13.793000,MEDIUM,5.0,11.0,,
OCO,6.0,0 days 00:01:14.125000,MEDIUM,6.0,11.0,,
OCO,7.0,0 days 00:01:15.075000,MEDIUM,7.0,12.0,,
OCO,8.0,0 days 00:01:14.546000,MEDIUM,8.0,12.0,,
OCO,9.0,0 days 00:01:14.897000,MEDIUM,9.0,12.0,,
OCO,10.0,0 days 00:01:15.155000,MEDIUM,10.0,12.0,,
OCO,11.0,0 days 00:01:15.543000,MEDIUM,11.0,12.0,,
OCO,12.0,0 days 00:01:14.927000,MEDIUM,12.0,12.0,,
OCO,13.0,0 days 00:01:15.144000,MEDIUM,13.0,12.0,,
OCO,14.0,0 days 00:01:15.494000,MEDIUM,14.0,12.0,,
OCO,15.0,0 days 00:01:15.154000,MEDIUM,15.0,12.0,,
OCO,16.0,0 days 00:01:15.691000,MEDIUM,16.0,13.0,,
OCO,17.0,0 days 00:01:15.477000,MEDIUM,17.0,13.0,,
OCO,18.0,0 days 00:01:19.724000,MEDIUM,18.0,13.0,0 days 01:19:40.837000,
OCO,19.0,0 days 00:01:31.801000,MEDIUM,1.0,19.0,,0 days 01:20:02.710000
OCO,20.0,0 days 00:01:14.420000,MEDIUM,2.0,18.0,,
OCO,21.0,0 days 00:01:14.195000,MEDIUM,3.0,17.0,,
OCO,22.0,0 days 00:01:13.867000,MEDIUM,4.0,16.0,,
OCO,23.0,0 days 00:01:13.699000,MEDIUM,5.0,16.0,,
OCO,24.0,0 days 00:01:29.351000,MEDIUM,6.0,15.0,,
OCO,25.0,0 days 00:01:36.309000,MEDIUM,7.0,15.0,,
OCO,26.0,0 days 00:01:15.839000,MEDIUM,8.0,15.0,,
OCO,27.0,0 days 00:01:13.308000,MEDIUM,9.0,15.0,,
OCO,28.0,0 days 00:01:13.207000,MEDIUM,10.0,15.0,,
OCO,29.0,0 days 00:01:13.117000,MEDIUM,11.0,15.0,,
OCO,30.0,0 days 00:01:13.428000,MEDIUM,12.0,15.0,,
OCO,31.0,0 days 00:01:13.201000,MEDIUM,13.0,15.0,,
OCO,32.0,0 days 00:01:13.406000,MEDIUM,14.0,15.0,,
OCO,33.0,0 days 00:01:18.946000,MEDIUM,15.0,16.0,0 days 01:39:09.060000,
OCO,34.0,0 days 00:01:34.072000,HARD,1.0,17.0,,0 days 01:39:34.593000
OCO,35.0,0 days 00:01:13.061000,HARD,2.0,17.0,,
OCO,36.0,0 days 00:01:13.170000,HARD,3.0,17.0,,
OCO,37.0,0 days 00:01:12.979000,HARD,4.0,17.0,,
OCO,38.0,0 days 00:01:13.275000,HARD,5.0,16.0,,
OCO,39.0,0 days 00:01:13.094000,HARD,6.0,16.0,,
OCO,40.0,0 days 00:01:13.149000,HARD,7.0,16.0,,
OCO,41.0,0 days 00:01:13.565000,HARD,8.0,16.0,,
OCO,42.0,0 days 00:01:14.782000,HARD,9.0,16.0,,
OCO,43.0,0 days 00:01:15.862000,HARD,10.0,16.0,,
OCO,44.0,0 days 00:01:13.412000,HARD,11.0,16.0,,
OCO,45.0,0 days 00:01:13.662000,HARD,12.0,16.0,,
OCO,46.0,0 days 00:01:13.402000,HARD,13.0,16.0,,
OCO,47.0,0 days 00:01:14.927000,HARD,14.0,15.0,,
OCO,48.0,0 days 00:01:13.239000,HARD,15.0,15.0,,
OCO,49.0,0 days 00:01:13.310000,HARD,16.0,15.0,,
OCO,50.0,0 days 00:01:13.463000,HARD,17.0,15.0,,
OCO,51.0,0 days 00:01:24.785000,HARD,18.0,15.0,,
OCO,52.0,0 days 00:01:13.187000,HARD,19.0,15.0,,
OCO,53.0,0 days 00:01:13.217000,HARD,20.0,15.0,,
OCO,54.0,0 days 00:01:13.866000,HARD,21.0,16.0,,
OCO,55.0,0 days 00:01:13.346000,HARD,22.0,16.0,,
OCO,56.0,0 days 00:01:13.606000,HARD,23.0,16.0,,
OCO,57.0,0 days 00:01:13.590000,HARD,24.0,16.0,,
OCO,58.0,0 days 00:01:13.824000,HARD,25.0,16.0,,
OCO,59.0,0 days 00:01:13.929000,HARD,26.0,16.0,,
OCO,60.0,0 days 00:01:13.744000,HARD,27.0,16.0,,
OCO,61.0,0 days 00:01:14.012000,HARD,28.0,16.0,,
OCO,62.0,0 days 00:01:13.932000,HARD,29.0,16.0,,
OCO,63.0,0 days 00:01:14.390000,HARD,30.0,16.0,,
OCO,64.0,0 days 00:01:17.875000,HARD,31.0,16.0,,
OCO,65.0,0 days 00:01:16.050000,HARD,32.0,16.0,,
OCO,66.0,0 days 00:01:14.500000,HARD,33.0,16.0,,
OCO,67.0,0 days 00:01:15.967000,HARD,34.0,16.0,,
OCO,68.0,0 days 00:01:17.006000,HARD,35.0,16.0,,
OCO,69.0,0 days 00:01:15.684000,HARD,36.0,16.0,,
LIN,1.0,0 days 00:01:19.894000,MEDIUM,1.0,10.0,,
LIN,2.0,0 days 00:01:13.697000,MEDIUM,2.0,10.0,,
LIN,3.0,0 days 00:01:13.483000,MEDIUM,3.0,10.0,,
LIN,4.0,0 days 00:01:13.913000,MEDIUM,4.0,10.0,,
LIN,5.0,0 days 00:01:13.520000,MEDIUM,5.0,10.0,,
LIN,6.0,0 days 00:01:13.177000,MEDIUM,6.0,10.0,,
LIN,7.0,0 days 00:01:13.614000,MEDIUM,7.0,10.0,,
LIN,8.0,0 days 00:01:14.051000,MEDIUM,8.0,10.0,,
LIN,9.0,0 days 00:01:13.564000,MEDIUM,9.0,10.0,,
LIN,10.0,0 days 00:01:13.686000,MEDIUM,10.0,10.0,,
LIN,11.0,0 days 00:01:13.999000,MEDIUM,11.0,10.0,,
LIN,12.0,0 days 00:01:13.698000,MEDIUM,12.0,10.0,,
LIN,13.0,0 days 00:01:13.839000,MEDIUM,13.0,9.0,,
LIN,14.0,0 days 00:01:13.975000,MEDIUM,14.0,8.0,,
LIN,15.0,0 days 00:01:14.394000,MEDIUM,15.0,8.0,,
LIN,16.0,0 days 00:01:14.920000,MEDIUM,16.0,9.0,,
LIN,17.0,0 days 00:01:14.016000,MEDIUM,17.0,9.0,,
LIN,18.0,0 days 00:01:17.791000,MEDIUM,18.0,10.0,0 days 01:19:23.285000,
LIN,19.0,0 days 00:01:29.660000,HARD,1.0,12.0,,0 days 01:19:44.604000
LIN,20.0,0 days 00:01:13.512000,HARD,2.0,11.0,,
LIN,21.0,0 days 00:01:12.455000,HARD,3.0,9.0,,
LIN,22.0,0 days 00:01:12.720000,HARD,4.0,9.0,,
LIN,23.0,0 days 00:01:12.602000,HARD,5.0,9.0,,
LIN,24.0,0 days 00:01:21.056000,HARD,6.0,9.0,,
LIN,25.0,0 days 00:01:37.419000,HARD,7.0,9.0,,
LIN,26.0,0 days 00:01:22.407000,HARD,8.0,9.0,,
LIN,27.0,0 days 00:01:12.707000,HARD,9.0,9.0,,
LIN,28.0,0 days 00:01:12.367000,HARD,10.0,9.0,,
LIN,29.0,0 days 00:01:12.227000,HARD,11.0,9.0,,
LIN,30.0,0 days 00:01:12.746000,HARD,12.0,9.0,,
LIN,31.0,0 days 00:01:12.593000,HARD,13.0,9.0,,
LIN,32.0,0 days 00:01:12.525000,HARD,14.0,9.0,,
LIN,33.0,0 days 00:01:12.780000,HARD,15.0,9.0,,
LIN,34.0,0 days 00:01:12.810000,HARD,16.0,9.0,,
LIN,35.0,0 days 00:01:12.963000,HARD,17.0,9.0,,
LIN,36.0,0 days 00:01:12.861000,HARD,18.0,9.0,,
LIN,37.0,0 days 00:01:13.281000,HARD,19.0,9.0,,
LIN,38.0,0 days 00:01:14.404000,HARD,20.0,9.0,,
LIN,39.0,0 days 00:01:13.357000,HARD,21.0,9.0,,
LIN,40.0,0 days 00:01:13.197000,HARD,22.0,9.0,,
LIN,41.0,0 days 00:01:13.377000,HARD,23.0,9.0,,
LIN,42.0,0 days 00:01:13.601000,HARD,24.0,9.0,,
LIN,43.0,0 days 00:01:13.901000,HARD,25.0,9.0,,
LIN,44.0,0 days 00:01:14,HARD,26.0,9.0,,
LIN,45.0,0 days 00:01:13.962000,HARD,27.0,9.0,,
LIN,46.0,0 days 00:01:17.630000,HARD,28.0,9.0,0 days 01:54:32.575000,
LIN,47.0,0 days 00:01:30.286000,MEDIUM,1.0,10.0,,0 days 01:54:54.199000
LIN,48.0,0 days 00:01:12.142000,MEDIUM,2.0,10.0,,
LIN,49.0,0 days 00:01:11.994000,MEDIUM,3.0,10.0,,
LIN,50.0,0 days 00:01:12.007000,MEDIUM,4.0,10.0,,
LIN,51.0,0 days 00:01:14.698000,MEDIUM,5.0,10.0,,
LIN,52.0,0 days 00:01:22.431000,MEDIUM,6.0,10.0,,
LIN,53.0,0 days 00:01:11.881000,MEDIUM,7.0,10.0,,
LIN,54.0,0 days 00:01:11.661000,MEDIUM,8.0,10.0,,
LIN,55.0,0 days 00:01:13.614000,MEDIUM,9.0,10.0,,
LIN,56.0,0 days 00:01:11.587000,MEDIUM,10.0,10.0,,
LIN,57.0,0 days 00:01:11.919000,MEDIUM,11.0,10.0,,
LIN,58.0,0 days 00:01:11.760000,MEDIUM,12.0,10.0,,
LIN,59.0,0 days 00:01:11.918000,MEDIUM,13.0,10.0,,
LIN,60.0,0 days 00:01:13.502000,MEDIUM,14.0,10.0,,
LIN,61.0,0 days 00:01:12.065000,MEDIUM,15.0,10.0,,
LIN,62.0,0 days 00:01:14.045000,MEDIUM,16.0,10.0,,
LIN,63.0,0 days 00:01:12.347000,MEDIUM,17.0,10.0,,
LIN,64.0,0 days 00:01:12.215000,MEDIUM,18.0,10.0,,
LIN,65.0,0 days 00:01:12.609000,MEDIUM,19.0,10.0,,
LIN,66.0,0 days 00:01:12.861000,MEDIUM,20.0,10.0,,
LIN,67.0,0 days 00:01:12.869000,MEDIUM,21.0,10.0,,
LIN,68.0,0 days 00:01:12.804000,MEDIUM,22.0,10.0,,
LIN,69.0,0 days 00:01:12.781000,MEDIUM,23.0,10.0,,
LIN,70.0,0 days 00:01:12.662000,MEDIUM,24.0,10.0,,
COL,1.0,0 days 00:01:23.650000,MEDIUM,1.0,20.0,,
COL,2.0,0 days 00:01:14.754000,MEDIUM,2.0,19.0,,
COL,3.0,0 days 00:01:14.423000,MEDIUM,3.0,19.0,,
COL,4.0,0 days 00:01:13.852000,MEDIUM,4.0,18.0,,
COL,5.0,0 days 00:01:15.100000,MEDIUM,5.0,18.0,,
COL,6.0,0 days 00:01:14.183000,MEDIUM,6.0,18.0,,
COL,7.0,0 days 00:01:14.111000,MEDIUM,7.0,18.0,,
COL,8.0,0 days 00:01:14.651000,MEDIUM,8.0,18.0,,
COL,9.0,0 days 00:01:15.262000,MEDIUM,9.0,18.0,,
COL,10.0,0 days 00:01:15.314000,MEDIUM,10.0,18.0,,
COL,11.0,0 days 00:01:15.729000,MEDIUM,11.0,18.0,,
COL,12.0,0 days 00:01:15.488000,MEDIUM,12.0,18.0,,
COL,13.0,0 days 00:01:15.387000,MEDIUM,13.0,18.0,,
COL,14.0,0 days 00:01:16.335000,MEDIUM,14.0,17.0,,
COL,15.0,0 days 00:01:15.240000,MEDIUM,15.0,16.0,,
COL,16.0,0 days 00:01:14.610000,MEDIUM,16.0,16.0,,
COL,17.0,0 days 00:01:14.417000,MEDIUM,17.0,16.0,,
COL,18.0,0 days 00:01:14.470000,MEDIUM,18.0,14.0,,
COL,19.0,0 days 00:01:14.775000,MEDIUM,19.0,13.0,,
COL,20.0,0 days 00:01:19.177000,MEDIUM,20.0,15.0,0 days 01:22:14.960000,
COL,21.0,0 days 00:01:32.123000,HARD,1.0,20.0,,0 days 01:22:36.642000
COL,22.0,0 days 00:01:13.301000,HARD,2.0,19.0,,
COL,23.0,0 days 00:01:13.444000,HARD,3.0,18.0,,
COL,24.0,0 days 00:01:32.991000,HARD,4.0,17.0,,
COL,25.0,0 days 00:01:33.530000,HARD,5.0,17.0,,
COL,26.0,0 days 00:01:14.927000,HARD,6.0,17.0,,
COL,27.0,0 days 00:01:12.963000,HARD,7.0,17.0,,
COL,28.0,0 days 00:01:12.673000,HARD,8.0,17.0,,
COL,29.0,0 days 00:01:13.104000,HARD,9.0,17.0,,
COL,30.0,0 days 00:01:12.578000,HARD,10.0,16.0,,
COL,31.0,0 days 00:01:14.472000,HARD,11.0,16.0,,
COL,32.0,0 days 00:01:13.166000,HARD,12.0,16.0,,
COL,33.0,0 days 00:01:14.500000,HARD,13.0,15.0,,
COL,34.0,0 days 00:01:13.108000,HARD,14.0,15.0,,
COL,35.0,0 days 00:01:13.265000,HARD,15.0,15.0,,
COL,36.0,0 days 00:01:13.574000,HARD,16.0,15.0,,
COL,37.0,0 days 00:01:15.029000,HARD,17.0,15.0,,
COL,38.0,0 days 00:01:13.642000,HARD,18.0,15.0,,
COL,39.0,0 days 00:01:14.048000,HARD,19.0,15.0,,
COL,40.0,0 days 00:01:13.611000,HARD,20.0,15.0,,
COL,41.0,0 days 00:01:16.339000,HARD,21.0,15.0,,
COL,42.0,0 days 00:01:13.599000,HARD,22.0,15.0,,
COL,43.0,0 days 00:01:15.108000,HARD,23.0,15.0,,
COL,44.0,0 days 00:01:13.696000,HARD,24.0,15.0,,
COL,45.0,0 days 00:01:14.111000,HARD,25.0,15.0,,
COL,46.0,0 days 00:01:17.878000,HARD,26.0,14.0,0 days 01:55:16.062000,
COL,47.0,0 days 00:01:30.778000,MEDIUM,1.0,17.0,,0 days 01:55:37.356000
COL,48.0,0 days 00:01:12.326000,MEDIUM,2.0,17.0,,
COL,49.0,0 days 00:01:11.795000,MEDIUM,3.0,16.0,,
COL,50.0,0 days 00:01:12.494000,MEDIUM,4.0,16.0,,
COL,51.0,0 days 00:01:24.212000,MEDIUM,5.0,16.0,,
COL,52.0,0 days 00:01:12.496000,MEDIUM,6.0,16.0,,
COL,53.0,0 days 00:01:13.164000,MEDIUM,7.0,16.0,,
COL,54.0,0 days 00:01:12.385000,MEDIUM,8.0,15.0,,
COL,55.0,0 days 00:01:12.361000,MEDIUM,9.0,15.0,,
COL,56.0,0 days 00:01:11.981000,MEDIUM,10.0,15.0,,
COL,57.0,0 days 00:01:12.287000,MEDIUM,11.0,15.0,,
COL,58.0,0 days 00:01:12.149000,MEDIUM,12.0,15.0,,
COL,59.0,0 days 00:01:12.273000,MEDIUM,13.0,15.0,,
COL,60.0,0 days 00:01:13.572000,MEDIUM,14.0,15.0,,
COL,61.0,0 days 00:01:12.822000,MEDIUM,15.0,15.0,,
COL,62.0,0 days 00:01:12.734000,MEDIUM,16.0,15.0,,
COL,63.0,0 days 00:01:12.726000,MEDIUM,17.0,15.0,,
COL,64.0,0 days 00:01:12.544000,MEDIUM,18.0,15.0,,
COL,65.0,0 days 00:01:12.536000,MEDIUM,19.0,15.0,,
COL,66.0,0 days 00:01:12.718000,MEDIUM,20.0,15.0,,
COL,67.0,0 days 00:01:12.729000,MEDIUM,21.0,15.0,,
COL,68.0,0 days 00:01:12.798000,MEDIUM,22.0,15.0,,
COL,69.0,0 days 00:01:13.361000,MEDIUM,23.0,15.0,,
COL,70.0,0 days 00:01:12.677000,MEDIUM,24.0,15.0,,
HAM,1.0,0 days 00:01:15.802000,MEDIUM,1.0,2.0,,
HAM,2.0,0 days 00:01:12.028000,MEDIUM,2.0,2.0,,
HAM,3.0,0 days 00:01:11.974000,MEDIUM,3.0,2.0,,
HAM,4.0,0 days 00:01:11.937000,MEDIUM,4.0,2.0,,
HAM,5.0,0 days 00:01:11.881000,MEDIUM,5.0,2.0,,
HAM,6.0,0 days 00:01:12.446000,MEDIUM,6.0,2.0,,
HAM,7.0,0 days 00:01:12.430000,MEDIUM,7.0,2.0,,
HAM,8.0,0 days 00:01:12.541000,MEDIUM,8.0,2.0,,
HAM,9.0,0 days 00:01:12.645000,MEDIUM,9.0,2.0,,
HAM,10.0,0 days 00:01:12.836000,MEDIUM,10.0,2.0,,
HAM,11.0,0 days 00:01:14.520000,MEDIUM,11.0,2.0,,
HAM,12.0,0 days 00:01:17.539000,MEDIUM,12.0,4.0,0 days 01:11:42.509000,
HAM,13.0,0 days 00:01:29.201000,HARD,1.0,11.0,,0 days 01:12:03.807000
HAM,14.0,0 days 00:01:12.317000,HARD,2.0,9.0,,
HAM,15.0,0 days 00:01:12.784000,HARD,3.0,9.0,,
HAM,16.0,0 days 00:01:12.318000,HARD,4.0,8.0,,
HAM,17.0,0 days 00:01:12.491000,HARD,5.0,8.0,,
HAM,18.0,0 days 00:01:12.303000,HARD,6.0,7.0,,
HAM,19.0,0 days 00:01:12.252000,HARD,7.0,5.0,,
HAM,20.0,0 days 00:01:11.887000,HARD,8.0,4.0,,
HAM,21.0,0 days 00:01:11.927000,HARD,9.0,3.0,,
HAM,22.0,0 days 00:01:14.016000,HARD,10.0,4.0,,
HAM,23.0,0 days 00:01:12.323000,HARD,11.0,4.0,,
HAM,24.0,0 days 00:01:12.517000,HARD,12.0,4.0,,
HAM,25.0,0 days 00:01:38.849000,HARD,13.0,3.0,0 days 01:28:07.856000,
HAM,26.0,0 days 00:01:41.949000,SOFT,3.0,7.0,,0 days 01:28:29.031000
HAM,27.0,0 days 00:01:11.284000,SOFT,4.0,7.0,,
HAM,28.0,0 days 00:01:11.079000,SOFT,5.0,7.0,,
HAM,29.0,0 days 00:01:11.397000,SOFT,6.0,7.0,,
HAM,30.0,0 days 00:01:11.850000,SOFT,7.0,6.0,,
HAM,31.0,0 days 00:01:11.704000,SOFT,8.0,6.0,,
HAM,32.0,0 days 00:01:11.590000,SOFT,9.0,6.0,,
HAM,33.0,0 days 00:01:11.749000,SOFT,10.0,6.0,,
HAM,34.0,0 days 00:01:11.496000,SOFT,11.0,6.0,,
HAM,35.0,0 days 00:01:11.727000,SOFT,12.0,6.0,,
HAM,36.0,0 days 00:01:12.130000,SOFT,13.0,6.0,,
HAM,37.0,0 days 00:01:12.552000,SOFT,14.0,5.0,,
HAM,38.0,0 days 00:01:12.247000,SOFT,15.0,5.0,,
HAM,39.0,0 days 00:01:12.506000,SOFT,16.0,5.0,,
HAM,40.0,0 days 00:01:12.159000,SOFT,17.0,5.0,,
HAM,41.0,0 days 00:01:12.183000,SOFT,18.0,5.0,,
HAM,42.0,0 days 00:01:16.494000,SOFT,19.0,5.0,0 days 01:49:03.970000,
HAM,43.0,0 days 00:01:28.003000,HARD,1.0,7.0,,0 days 01:49:25.244000
HAM,44.0,0 days 00:01:11.219000,HARD,2.0,7.0,,
HAM,45.0,0 days 00:01:10.946000,HARD,3.0,7.0,,
HAM,46.0,0 days 00:01:11.442000,HARD,4.0,7.0,,
HAM,47.0,0 days 00:01:11.292000,HARD,5.0,7.0,,
HAM,48.0,0 days 00:01:11.263000,HARD,6.0,6.0,,
HAM,49.0,0 days 00:01:10.999000,HARD,7.0,6.0,,
HAM,50.0,0 days 00:01:10.983000,HARD,8.0,6.0,,
HAM,51.0,0 days 00:01:11.513000,HARD,9.0,6.0,,
HAM,52.0,0 days 00:01:20.477000,HARD,10.0,5.0,,
HAM,53.0,0 days 00:01:14.374000,HARD,11.0,5.0,,
HAM,54.0,0 days 00:01:11.692000,HARD,12.0,5.0,,
HAM,55.0,0 days 00:01:11.579000,HARD,13.0,5.0,,
HAM,56.0,0 days 00:01:11.317000,HARD,14.0,5.0,,
HAM,57.0,0 days 00:01:11.231000,HARD,15.0,5.0,,
HAM,58.0,0 days 00:01:11.306000,HARD,16.0,5.0,,
HAM,59.0,0 days 00:01:11.384000,HARD,17.0,5.0,,
HAM,60.0,0 days 00:01:11.398000,HARD,18.0,5.0,,
HAM,61.0,0 days 00:01:11.469000,HARD,19.0,5.0,,
HAM,62.0,0 days 00:01:11.800000,HARD,20.0,5.0,,
HAM,63.0,0 days 00:01:11.505000,HARD,21.0,5.0,,
HAM,64.0,0 days 00:01:11.493000,HARD,22.0,5.0,,
HAM,65.0,0 days 00:01:11.658000,HARD,23.0,5.0,,
HAM,66.0,0 days 00:01:12.059000,HARD,24.0,5.0,,
HAM,67.0,0 days 00:01:12.080000,HARD,25.0,5.0,,
HAM,68.0,0 days 00:01:12.246000,HARD,26.0,5.0,,
HAM,69.0,0 days 00:01:12.173000,HARD,27.0,5.0,,
HAM,70.0,0 days 00:01:12.702000,HARD,28.0,5.0,,
HAM,71.0,0 days 00:01:12.909000,HARD,29.0,5.0,,
BOR,1.0,0 days 00:01:20.223000,SOFT,1.0,11.0,,
BOR,2.0,0 days 00:01:14.516000,SOFT,2.0,12.0,,
BOR,3.0,0 days 00:01:13.538000,SOFT,3.0,12.0,,
BOR,4.0,0 days 00:01:14.130000,SOFT,4.0,12.0,,
BOR,5.0,0 days 00:01:14.049000,SOFT,5.0,12.0,,
BOR,6.0,0 days 00:01:13.725000,SOFT,6.0,12.0,,
BOR,7.0,0 days 00:01:13.833000,SOFT,7.0,11.0,,
BOR,8.0,0 days 00:01:13.960000,SOFT,8.0,11.0,,
BOR,9.0,0 days 00:01:13.808000,SOFT,9.0,11.0,,
BOR,10.0,0 days 00:01:13.956000,SOFT,10.0,11.0,,
BOR,11.0,0 days 00:01:13.978000,SOFT,11.0,11.0,,
BOR,12.0,0 days 00:01:13.764000,SOFT,12.0,11.0,,
BOR,13.0,0 days 00:01:14.046000,SOFT,13.0,10.0,,
BOR,14.0,0 days 00:01:14.714000,SOFT,14.0,10.0,,
BOR,15.0,0 days 00:01:14.091000,SOFT,15.0,10.0,,
BOR,16.0,0 days 00:01:14.072000,SOFT,16.0,10.0,,
BOR,17.0,0 days 00:01:18.144000,SOFT,17.0,11.0,0 days 01:18:12.454000,
BOR,18.0,0 days 00:01:30.698000,MEDIUM,1.0,15.0,,0 days 01:18:34.970000
BOR,19.0,0 days 00:01:13.064000,MEDIUM,2.0,14.0,,
BOR,20.0,0 days 00:01:12.538000,MEDIUM,3.0,13.0,,
BOR,21.0,0 days 00:01:13.017000,MEDIUM,4.0,11.0,,
BOR,22.0,0 days 00:01:12.981000,MEDIUM,5.0,11.0,,
BOR,23.0,0 days 00:01:12.431000,MEDIUM,6.0,11.0,,
BOR,24.0,0 days 00:01:21.475000,MEDIUM,7.0,11.0,,
BOR,25.0,0 days 00:01:38.256000,MEDIUM,8.0,11.0,,
BOR,26.0,0 days 00:01:22.075000,MEDIUM,9.0,11.0,,
BOR,27.0,0 days 00:01:12.556000,MEDIUM,10.0,11.0,,
BOR,28.0,0 days 00:01:12.458000,MEDIUM,11.0,11.0,,
BOR,29.0,0 days 00:01:12.496000,MEDIUM,12.0,11.0,,
BOR,30.0,0 days 00:01:12.771000,MEDIUM,13.0,11.0,,
BOR,31.0,0 days 00:01:12.880000,MEDIUM,14.0,11.0,,
BOR,32.0,0 days 00:01:12.898000,MEDIUM,15.0,11.0,,
BOR,33.0,0 days 00:01:13.034000,MEDIUM,16.0,11.0,,
BOR,34.0,0 days 00:01:13.192000,MEDIUM,17.0,11.0,,
BOR,35.0,0 days 00:01:13.366000,MEDIUM,18.0,11.0,,
BOR,36.0,0 days 00:01:13.252000,MEDIUM,19.0,11.0,,
BOR,37.0,0 days 00:01:13.535000,MEDIUM,20.0,11.0,,
BOR,38.0,0 days 00:01:13.537000,MEDIUM,21.0,11.0,,
BOR,39.0,0 days 00:01:13.355000,MEDIUM,22.0,11.0,,
BOR,40.0,0 days 00:01:13.826000,MEDIUM,23.0,11.0,,
BOR,41.0,0 days 00:01:13.730000,MEDIUM,24.0,11.0,,
BOR,42.0,0 days 00:01:14.210000,MEDIUM,25.0,11.0,,
BOR,43.0,0 days 00:01:14.387000,MEDIUM,26.0,11.0,,
BOR,44.0,0 days 00:01:18.407000,MEDIUM,27.0,11.0,0 days 01:52:13.124000,
BOR,45.0,0 days 00:01:29.120000,HARD,1.0,12.0,,0 days 01:52:34.932000
BOR,46.0,0 days 00:01:12.136000,HARD,2.0,11.0,,
BOR,47.0,0 days 00:01:12.131000,HARD,3.0,11.0,,
BOR,48.0,0 days 00:01:12.313000,HARD,4.0,11.0,,
BOR,49.0,0 days 00:01:12.125000,HARD,5.0,11.0,,
BOR,50.0,0 days 00:01:13.446000,HARD,6.0,11.0,,
BOR,51.0,0 days 00:01:17.129000,HARD,7.0,11.0,,
BOR,52.0,0 days 00:01:19.903000,HARD,8.0,11.0,,
BOR,53.0,0 days 00:01:12.100000,HARD,9.0,11.0,,
BOR,54.0,0 days 00:01:12.171000,HARD,10.0,11.0,,
BOR,55.0,0 days 00:01:12.229000,HARD,11.0,11.0,,
BOR,56.0,0 days 00:01:13.560000,HARD,12.0,11.0,,
BOR,57.0,0 days 00:01:12.132000,HARD,13.0,11.0,,
BOR,58.0,0 days 00:01:13.493000,HARD,14.0,11.0,,
BOR,59.0,0 days 00:01:11.866000,HARD,15.0,11.0,,
BOR,60.0,0 days 00:01:11.897000,HARD,16.0,11.0,,
BOR,61.0,0 days 00:01:12.314000,HARD,17.0,11.0,,
BOR,62.0,0 days 00:01:12.451000,HARD,18.0,11.0,,
BOR,63.0,0 days 00:01:14.277000,HARD,19.0,11.0,,
BOR,64.0,0 days 00:01:12.393000,HARD,20.0,11.0,,
BOR,65.0,0 days 00:01:12.488000,HARD,21.0,11.0,,
BOR,66.0,0 days 00:01:12.929000,HARD,22.0,11.0,,
BOR,67.0,0 days 00:01:14.258000,HARD,23.0,11.0,,
BOR,68.0,0 days 00:01:12.818000,HARD,24.0,11.0,,
BOR,69.0,0 days 00:01:12.816000,HARD,25.0,11.0,,
BOR,70.0,0 days 00:01:14.827000,HARD,26.0,11.0,,
SAI,1.0,0 days 00:01:22.045000,SOFT,1.0,16.0,,
SAI,2.0,0 days 00:01:14.690000,SOFT,2.0,16.0,,
SAI,3.0,0 days 00:01:14.166000,SOFT,3.0,16.0,,
SAI,4.0,0 days 00:01:14.249000,SOFT,4.0,16.0,,
SAI,5.0,0 days 00:01:14.144000,SOFT,5.0,16.0,,
SAI,6.0,0 days 00:01:14.257000,SOFT,6.0,16.0,,
SAI,7.0,0 days 00:01:14.620000,SOFT,7.0,16.0,,
SAI,8.0,0 days 00:01:14.621000,SOFT,8.0,16.0,,
SAI,9.0,0 days 00:01:14.899000,SOFT,9.0,16.0,,
SAI,10.0,0 days 00:01:15.616000,SOFT,10.0,16.0,,
SAI,11.0,0 days 00:01:15.455000,SOFT,11.0,16.0,,
SAI,12.0,0 days 00:01:15.338000,SOFT,12.0,16.0,,
SAI,13.0,0 days 00:01:15.069000,SOFT,13.0,15.0,,
SAI,14.0,0 days 00:01:18.818000,SOFT,14.0,16.0,0 days 01:14:41.917000,
SAI,15.0,0 days 00:01:31.666000,MEDIUM,1.0,20.0,,0 days 01:15:03.330000
SAI,16.0,0 days 00:01:14.303000,MEDIUM,2.0,20.0,,
SAI,17.0,0 days 00:01:14.143000,MEDIUM,3.0,20.0,,
SAI,18.0,0 days 00:01:13.865000,MEDIUM,4.0,20.0,,
SAI,19.0,0 days 00:01:13.878000,MEDIUM,5.0,17.0,,
SAI,20.0,0 days 00:01:13.759000,MEDIUM,6.0,16.0,,
SAI,21.0,0 days 00:01:13.799000,MEDIUM,7.0,15.0,,
SAI,22.0,0 days 00:01:13.694000,MEDIUM,8.0,14.0,,
SAI,23.0,0 days 00:01:16.440000,MEDIUM,9.0,15.0,,
SAI,24.0,,MEDIUM,10.0,,,
HAD,1.0,0 days 00:01:19.548000,MEDIUM,1.0,9.0,,
HAD,2.0,0 days 00:01:13.413000,MEDIUM,2.0,9.0,,
HAD,3.0,0 days 00:01:13.499000,MEDIUM,3.0,9.0,,
HAD,4.0,0 days 00:01:13.029000,MEDIUM,4.0,8.0,,
HAD,5.0,0 days 00:01:12.593000,MEDIUM,5.0,8.0,,
HAD,6.0,0 days 00:01:12.357000,MEDIUM,6.0,8.0,,
HAD,7.0,0 days 00:01:12.706000,MEDIUM,7.0,8.0,,
HAD,8.0,0 days 00:01:12.917000,MEDIUM,8.0,8.0,,
HAD,9.0,0 days 00:01:12.857000,MEDIUM,9.0,8.0,,
HAD,10.0,0 days 00:01:13.262000,MEDIUM,10.0,8.0,,
HAD,11.0,0 days 00:01:13.449000,MEDIUM,11.0,8.0,,
HAD,12.0,0 days 00:01:13.467000,MEDIUM,12.0,8.0,,
HAD,13.0,0 days 00:01:13.556000,MEDIUM,13.0,6.0,,
HAD,14.0,0 days 00:01:13.885000,MEDIUM,14.0,6.0,,
HAD,15.0,0 days 00:01:13.518000,MEDIUM,15.0,6.0,,
HAD,16.0,0 days 00:01:13.745000,MEDIUM,16.0,6.0,,
HAD,17.0,0 days 00:01:13.478000,MEDIUM,17.0,6.0,,
HAD,18.0,0 days 00:01:16.939000,MEDIUM,18.0,6.0,0 days 01:19:12.237000,
HAD,19.0,0 days 00:01:29.177000,MEDIUM,1.0,9.0,,0 days 01:19:33.949000
HAD,20.0,0 days 00:01:11.839000,MEDIUM,2.0,8.0,,
HAD,21.0,0 days 00:01:11.268000,MEDIUM,3.0,8.0,,
HAD,22.0,0 days 00:01:11.798000,MEDIUM,4.0,7.0,,
HAD,23.0,0 days 00:01:11.527000,MEDIUM,5.0,7.0,,
HAD,24.0,0 days 00:01:12.139000,MEDIUM,6.0,7.0,,
HAD,25.0,0 days 00:01:40.460000,MEDIUM,7.0,7.0,,
HAD,26.0,0 days 00:01:27.592000,MEDIUM,8.0,6.0,,
HAD,27.0,0 days 00:01:11.621000,MEDIUM,9.0,6.0,,
HAD,28.0,0 days 00:01:11.801000,MEDIUM,10.0,6.0,,
HAD,29.0,0 days 00:01:11.664000,MEDIUM,11.0,6.0,,
HAD,30.0,0 days 00:01:12.824000,MEDIUM,12.0,7.0,,
HAD,31.0,0 days 00:01:12.244000,MEDIUM,13.0,7.0,,
HAD,32.0,0 days 00:01:12.187000,MEDIUM,14.0,7.0,,
HAD,33.0,0 days 00:01:12.202000,MEDIUM,15.0,7.0,,
HAD,34.0,0 days 00:01:12.337000,MEDIUM,16.0,7.0,,
HAD,35.0,0 days 00:01:12.292000,MEDIUM,17.0,7.0,,
HAD,36.0,0 days 00:01:12.562000,MEDIUM,18.0,7.0,,
HAD,37.0,0 days 00:01:12.699000,MEDIUM,19.0,6.0,,
HAD,38.0,0 days 00:01:12.228000,MEDIUM,20.0,6.0,,
HAD,39.0,0 days 00:01:12.443000,MEDIUM,21.0,6.0,,
HAD,40.0,0 days 00:01:15.797000,MEDIUM,22.0,7.0,0 days 01:46:43.054000,
HAD,41.0,0 days 00:01:27.758000,HARD,1.0,8.0,,0 days 01:47:04.352000
HAD,42.0,0 days 00:01:10.947000,HARD,2.0,8.0,,
HAD,43.0,0 days 00:01:11.227000,HARD,3.0,8.0,,
HAD,44.0,0 days 00:01:12.197000,HARD,4.0,8.0,,
HAD,45.0,0 days 00:01:11.002000,HARD,5.0,8.0,,
HAD,46.0,0 days 00:01:11.295000,HARD,6.0,8.0,,
HAD,47.0,0 days 00:01:11.498000,HARD,7.0,8.0,,
HAD,48.0,0 days 00:01:11.364000,HARD,8.0,7.0,,
HAD,49.0,0 days 00:01:11.383000,HARD,9.0,7.0,,
HAD,50.0,0 days 00:01:11.663000,HARD,10.0,7.0,,
HAD,51.0,0 days 00:01:11.462000,HARD,11.0,7.0,,
HAD,52.0,0 days 00:01:21.799000,HARD,12.0,7.0,,
HAD,53.0,0 days 00:01:13.021000,HARD,13.0,7.0,,
HAD,54.0,0 days 00:01:11.285000,HARD,14.0,7.0,,
HAD,55.0,0 days 00:01:11.464000,HARD,15.0,7.0,,
HAD,56.0,0 days 00:01:12.413000,HARD,16.0,6.0,,
HAD,57.0,0 days 00:01:11.518000,HARD,17.0,6.0,,
HAD,58.0,0 days 00:01:11.647000,HARD,18.0,6.0,,
HAD,59.0,0 days 00:01:11.559000,HARD,19.0,6.0,,
HAD,60.0,0 days 00:01:11.567000,HARD,20.0,6.0,,
HAD,61.0,0 days 00:01:11.835000,HARD,21.0,6.0,,
HAD,62.0,0 days 00:01:11.455000,HARD,22.0,6.0,,
HAD,63.0,0 days 00:01:11.492000,HARD,23.0,6.0,,
HAD,64.0,0 days 00:01:11.641000,HARD,24.0,6.0,,
HAD,65.0,0 days 00:01:11.799000,HARD,25.0,6.0,,
HAD,66.0,0 days 00:01:11.728000,HARD,26.0,6.0,,
HAD,67.0,0 days 00:01:11.861000,HARD,27.0,6.0,,
HAD,68.0,0 days 00:01:11.910000,HARD,28.0,6.0,,
HAD,69.0,0 days 00:01:11.647000,HARD,29.0,6.0,,
HAD,70.0,0 days 00:01:12.384000,HARD,30.0,6.0,,
HAD,71.0,0 days 00:01:12.638000,HARD,31.0,6.0,,
RUS,1.0,0 days 00:01:15.002000,MEDIUM,1.0,1.0,,
RUS,2.0,0 days 00:01:12.037000,MEDIUM,2.0,1.0,,
RUS,3.0,0 days 00:01:11.818000,MEDIUM,3.0,1.0,,
RUS,4.0,0 days 00:01:11.779000,MEDIUM,4.0,1.0,,
RUS,5.0,0 days 00:01:11.686000,MEDIUM,5.0,1.0,,
RUS,6.0,0 days 00:01:11.947000,MEDIUM,6.0,1.0,,
RUS,7.0,0 days 00:01:11.975000,MEDIUM,7.0,1.0,,
RUS,8.0,0 days 00:01:12.069000,MEDIUM,8.0,1.0,,
RUS,9.0,0 days 00:01:12.403000,MEDIUM,9.0,1.0,,
RUS,10.0,0 days 00:01:12.516000,MEDIUM,10.0,1.0,,
RUS,11.0,0 days 00:01:12.652000,MEDIUM,11.0,1.0,,
RUS,12.0,0 days 00:01:12.912000,MEDIUM,12.0,1.0,,
RUS,13.0,0 days 00:01:13.164000,MEDIUM,13.0,1.0,,
RUS,14.0,0 days 00:01:12.965000,MEDIUM,14.0,1.0,,
RUS,15.0,0 days 00:01:12.786000,MEDIUM,15.0,1.0,,
RUS,16.0,0 days 00:01:12.780000,MEDIUM,16.0,1.0,,
RUS,17.0,0 days 00:01:12.911000,MEDIUM,17.0,1.0,,
RUS,18.0,0 days 00:01:12.904000,MEDIUM,18.0,1.0,,
RUS,19.0,0 days 00:01:17.085000,MEDIUM,19.0,1.0,0 days 01:20:07.318000,
RUS,20.0,0 days 00:01:29.073000,HARD,1.0,3.0,,0 days 01:20:28.504000
RUS,21.0,0 days 00:01:11.930000,HARD,2.0,2.0,,
RUS,22.0,0 days 00:01:11.458000,HARD,3.0,2.0,,
RUS,23.0,0 days 00:01:11.226000,HARD,4.0,2.0,,
RUS,24.0,0 days 00:01:11.880000,HARD,5.0,2.0,,
RUS,25.0,0 days 00:01:36.896000,HARD,6.0,1.0,,
RUS,26.0,0 days 00:01:31.266000,HARD,7.0,1.0,,
RUS,27.0,0 days 00:01:11.926000,HARD,8.0,1.0,,
RUS,28.0,0 days 00:01:11.263000,HARD,9.0,1.0,,
RUS,29.0,0 days 00:01:11.253000,HARD,10.0,1.0,,
RUS,30.0,0 days 00:01:11.274000,HARD,11.0,1.0,,
RUS,31.0,0 days 00:01:11.554000,HARD,12.0,1.0,,
RUS,32.0,0 days 00:01:11.706000,HARD,13.0,1.0,,
RUS,33.0,0 days 00:01:11.546000,HARD,14.0,1.0,,
RUS,34.0,0 days 00:01:12.066000,HARD,15.0,1.0,,
RUS,35.0,0 days 00:01:12.074000,HARD,16.0,1.0,,
RUS,36.0,0 days 00:01:12.715000,HARD,17.0,1.0,,
RUS,37.0,0 days 00:01:12.143000,HARD,18.0,1.0,,
RUS,38.0,0 days 00:01:12.365000,HARD,19.0,1.0,,
RUS,39.0,0 days 00:01:12.616000,HARD,20.0,1.0,,
RUS,40.0,0 days 00:01:12.234000,HARD,21.0,1.0,,
RUS,41.0,0 days 00:01:11.935000,HARD,22.0,1.0,,
RUS,42.0,0 days 00:01:12.225000,HARD,23.0,1.0,,
RUS,43.0,0 days 00:01:16.208000,HARD,24.0,2.0,0 days 01:49:58.395000,
RUS,44.0,0 days 00:01:27.853000,HARD,1.0,3.0,,0 days 01:50:19.605000
RUS,45.0,0 days 00:01:10.860000,HARD,2.0,3.0,,
RUS,46.0,0 days 00:01:11.045000,HARD,3.0,3.0,,
RUS,47.0,0 days 00:01:10.904000,HARD,4.0,3.0,,
RUS,48.0,0 days 00:01:11.215000,HARD,5.0,3.0,,
RUS,49.0,0 days 00:01:10.683000,HARD,6.0,3.0,,
RUS,50.0,0 days 00:01:10.952000,HARD,7.0,2.0,,
RUS,51.0,0 days 00:01:11.171000,HARD,8.0,2.0,,
RUS,52.0,0 days 00:01:15.641000,HARD,9.0,1.0,,
RUS,53.0,0 days 00:01:20.031000,HARD,10.0,1.0,,
RUS,54.0,0 days 00:01:10.937000,HARD,11.0,1.0,,
RUS,55.0,0 days 00:01:10.896000,HARD,12.0,1.0,,
RUS,56.0,0 days 00:01:10.780000,HARD,13.0,1.0,,
RUS,57.0,0 days 00:01:11.503000,HARD,14.0,1.0,,
RUS,58.0,0 days 00:01:11.010000,HARD,15.0,1.0,,
RUS,59.0,0 days 00:01:11.143000,HARD,16.0,1.0,,
RUS,60.0,0 days 00:01:11.361000,HARD,17.0,1.0,,
RUS,61.0,0 days 00:01:11.113000,HARD,18.0,1.0,,
RUS,62.0,0 days 00:01:11.162000,HARD,19.0,1.0,,
RUS,63.0,0 days 00:01:11.068000,HARD,20.0,1.0,,
RUS,64.0,0 days 00:01:11.291000,HARD,21.0,1.0,,
RUS,65.0,0 days 00:01:11.581000,HARD,22.0,1.0,,
RUS,66.0,0 days 00:01:11.615000,HARD,23.0,1.0,,
RUS,67.0,0 days 00:01:11.557000,HARD,24.0,1.0,,
RUS,68.0,0 days 00:01:11.489000,HARD,25.0,1.0,,
RUS,69.0,0 days 00:01:11.425000,HARD,26.0,1.0,,
RUS,70.0,0 days 00:01:11.638000,HARD,27.0,1.0,,
RUS,71.0,0 days 00:01:11.832000,HARD,28.0,1.0,,
BOT,1.0,0 days 00:01:24.016000,MEDIUM,1.0,21.0,,
BOT,2.0,0 days 00:01:27.748000,MEDIUM,2.0,22.0,0 days 00:59:55.755000,
PIA,1.0,0 days 00:01:18.123000,MEDIUM,1.0,6.0,,
PIA,2.0,0 days 00:01:13.500000,MEDIUM,2.0,6.0,,
PIA,3.0,0 days 00:01:12.701000,MEDIUM,3.0,6.0,,
PIA,4.0,0 days 00:01:12.360000,MEDIUM,4.0,6.0,,
PIA,5.0,0 days 00:01:12.234000,MEDIUM,5.0,6.0,,
PIA,6.0,0 days 00:01:12.390000,MEDIUM,6.0,6.0,,
PIA,7.0,0 days 00:01:12.773000,MEDIUM,7.0,6.0,,
PIA,8.0,0 days 00:01:13.221000,MEDIUM,8.0,6.0,,
PIA,9.0,0 days 00:01:13.118000,MEDIUM,9.0,6.0,,
PIA,10.0,0 days 00:01:13.220000,MEDIUM,10.0,6.0,,
PIA,11.0,0 days 00:01:13.384000,MEDIUM,11.0,6.0,,
PIA,12.0,0 days 00:01:13.426000,MEDIUM,12.0,6.0,,
PIA,13.0,0 days 00:01:13.675000,MEDIUM,13.0,4.0,,
PIA,14.0,0 days 00:01:13.418000,MEDIUM,14.0,4.0,,
PIA,15.0,0 days 00:01:13.235000,MEDIUM,15.0,4.0,,
PIA,16.0,0 days 00:01:13.179000,MEDIUM,16.0,4.0,,
PIA,17.0,0 days 00:01:13.101000,MEDIUM,17.0,4.0,,
PIA,18.0,0 days 00:01:13.451000,MEDIUM,18.0,4.0,,
PIA,19.0,0 days 00:01:18.254000,MEDIUM,19.0,4.0,0 days 01:20:22.383000,
PIA,20.0,0 days 00:01:29.535000,HARD,1.0,7.0,,0 days 01:20:44.507000
PIA,21.0,0 days 00:01:11.464000,HARD,2.0,7.0,,
PIA,22.0,0 days 00:01:11.578000,HARD,3.0,6.0,,
PIA,23.0,0 days 00:01:11.427000,HARD,4.0,6.0,,
PIA,24.0,0 days 00:01:12.210000,HARD,5.0,6.0,,
PIA,25.0,0 days 00:01:38.314000,HARD,6.0,6.0,,
PIA,26.0,0 days 00:01:30.128000,HARD,7.0,5.0,,
PIA,27.0,0 days 00:01:11.658000,HARD,8.0,5.0,,
PIA,28.0,0 days 00:01:11.227000,HARD,9.0,5.0,,
PIA,29.0,0 days 00:01:11.918000,HARD,10.0,5.0,,
PIA,30.0,0 days 00:01:11.149000,HARD,11.0,5.0,,
PIA,31.0,0 days 00:01:11.768000,HARD,12.0,5.0,,
PIA,32.0,0 days 00:01:11.854000,HARD,13.0,5.0,,
PIA,33.0,0 days 00:01:11.780000,HARD,14.0,5.0,,
PIA,34.0,0 days 00:01:12.048000,HARD,15.0,5.0,,
PIA,35.0,0 days 00:01:11.941000,HARD,16.0,5.0,,
PIA,36.0,0 days 00:01:12.318000,HARD,17.0,5.0,,
PIA,37.0,0 days 00:01:12.544000,HARD,18.0,4.0,,
PIA,38.0,0 days 00:01:12.385000,HARD,19.0,4.0,,
PIA,39.0,0 days 00:01:12.024000,HARD,20.0,4.0,,
PIA,40.0,0 days 00:01:12.017000,HARD,21.0,4.0,,
PIA,41.0,0 days 00:01:12.116000,HARD,22.0,4.0,,
PIA,42.0,0 days 00:01:16.481000,HARD,23.0,4.0,0 days 01:49:02.559000,
PIA,43.0,0 days 00:01:28.093000,HARD,1.0,6.0,,0 days 01:49:23.660000
PIA,44.0,0 days 00:01:10.753000,HARD,2.0,6.0,,
PIA,45.0,0 days 00:01:10.595000,HARD,3.0,6.0,,
PIA,46.0,0 days 00:01:10.844000,HARD,4.0,6.0,,
PIA,47.0,0 days 00:01:11.102000,HARD,5.0,6.0,,
PIA,48.0,0 days 00:01:11.389000,HARD,6.0,4.0,,
PIA,49.0,0 days 00:01:11.275000,HARD,7.0,4.0,,
PIA,50.0,0 days 00:01:11.247000,HARD,8.0,4.0,,
PIA,51.0,0 days 00:01:11.101000,HARD,9.0,4.0,,
PIA,52.0,0 days 00:01:19.815000,HARD,10.0,4.0,,
PIA,53.0,0 days 00:01:15.298000,HARD,11.0,4.0,,
PIA,54.0,0 days 00:01:10.999000,HARD,12.0,4.0,,
PIA,55.0,0 days 00:01:11.056000,HARD,13.0,4.0,,
PIA,56.0,0 days 00:01:11.067000,HARD,14.0,4.0,,
PIA,57.0,0 days 00:01:11.335000,HARD,15.0,4.0,,
PIA,58.0,0 days 00:01:11.219000,HARD,16.0,4.0,,
PIA,59.0,0 days 00:01:11.332000,HARD,17.0,4.0,,
PIA,60.0,0 days 00:01:11.132000,HARD,18.0,4.0,,
PIA,61.0,0 days 00:01:11.363000,HARD,19.0,4.0,,
PIA,62.0,0 days 00:01:11.525000,HARD,20.0,4.0,,
PIA,63.0,0 days 00:01:11.883000,HARD,21.0,4.0,,
PIA,64.0,0 days 00:01:11.318000,HARD,22.0,4.0,,
PIA,65.0,0 days 00:01:11.479000,HARD,23.0,4.0,,
PIA,66.0,0 days 00:01:12.133000,HARD,24.0,4.0,,
PIA,67.0,0 days 00:01:11.937000,HARD,25.0,4.0,,
PIA,68.0,0 days 00:01:11.774000,HARD,26.0,4.0,,
PIA,69.0,0 days 00:01:12.509000,HARD,27.0,4.0,,
PIA,70.0,0 days 00:01:13.065000,HARD,28.0,4.0,,
PIA,71.0,0 days 00:01:12.503000,HARD,29.0,4.0,,
BEA,1.0,0 days 00:01:21.542000,MEDIUM,1.0,15.0,,
BEA,2.0,0 days 00:01:14.398000,MEDIUM,2.0,15.0,,
BEA,3.0,0 days 00:01:14.107000,MEDIUM,3.0,15.0,,
BEA,4.0,0 days 00:01:14.103000,MEDIUM,4.0,15.0,,
BEA,5.0,0 days 00:01:14.170000,MEDIUM,5.0,15.0,,
BEA,6.0,0 days 00:01:14.329000,MEDIUM,6.0,15.0,,
BEA,7.0,0 days 00:01:14.492000,MEDIUM,7.0,15.0,,
BEA,8.0,0 days 00:01:14.790000,MEDIUM,8.0,15.0,,
BEA,9.0,0 days 00:01:14.971000,MEDIUM,9.0,15.0,,
BEA,10.0,0 days 00:01:15.771000,MEDIUM,10.0,15.0,,
BEA,11.0,0 days 00:01:15.198000,MEDIUM,11.0,15.0,,
BEA,12.0,0 days 00:01:15.350000,MEDIUM,12.0,15.0,,
BEA,13.0,0 days 00:01:15.003000,MEDIUM,13.0,14.0,,
BEA,14.0,0 days 00:01:15.366000,MEDIUM,14.0,14.0,,
BEA,15.0,0 days 00:01:15.041000,MEDIUM,15.0,14.0,,
BEA,16.0,0 days 00:01:14.751000,MEDIUM,16.0,14.0,,
BEA,17.0,0 days 00:01:14.709000,MEDIUM,17.0,14.0,,
BEA,18.0,0 days 00:01:15.344000,MEDIUM,18.0,12.0,,
BEA,19.0,0 days 00:01:14.827000,MEDIUM,19.0,11.0,,
BEA,20.0,0 days 00:01:15.908000,MEDIUM,20.0,12.0,,
BEA,21.0,0 days 00:01:14.936000,MEDIUM,21.0,13.0,,
BEA,22.0,0 days 00:01:14.645000,MEDIUM,22.0,12.0,,
BEA,23.0,0 days 00:01:15.472000,MEDIUM,23.0,13.0,,
BEA,24.0,0 days 00:01:26.766000,MEDIUM,24.0,13.0,0 days 01:27:19.994000,
BEA,25.0,0 days 00:01:49.866000,HARD,1.0,14.0,,0 days 01:27:41.568000
BEA,26.0,0 days 00:01:18.057000,HARD,2.0,14.0,,
BEA,27.0,0 days 00:01:13.101000,HARD,3.0,14.0,,
BEA,28.0,0 days 00:01:13.102000,HARD,4.0,14.0,,
BEA,29.0,0 days 00:01:13.025000,HARD,5.0,14.0,,
BEA,30.0,0 days 00:01:13.063000,HARD,6.0,14.0,,
BEA,31.0,0 days 00:01:13.147000,HARD,7.0,14.0,,
BEA,32.0,0 days 00:01:13.075000,HARD,8.0,14.0,,
BEA,33.0,0 days 00:01:13.270000,HARD,9.0,14.0,,
BEA,34.0,0 days 00:01:13.138000,HARD,10.0,14.0,,
BEA,35.0,0 days 00:01:13.161000,HARD,11.0,14.0,,
BEA,36.0,0 days 00:01:13.403000,HARD,12.0,14.0,,
BEA,37.0,0 days 00:01:16.268000,HARD,13.0,14.0,,
BEA,38.0,0 days 00:01:14.080000,HARD,14.0,14.0,,
BEA,39.0,0 days 00:01:14.004000,HARD,15.0,13.0,,
BEA,40.0,0 days 00:01:15.228000,HARD,16.0,13.0,,
BEA,41.0,0 days 00:01:13.839000,HARD,17.0,13.0,,
BEA,42.0,0 days 00:01:13.708000,HARD,18.0,13.0,,
BEA,43.0,0 days 00:01:14.806000,HARD,19.0,14.0,,
BEA,44.0,0 days 00:01:13.877000,HARD,20.0,14.0,,
BEA,45.0,0 days 00:01:18.343000,HARD,21.0,14.0,0 days 01:53:53.818000,
BEA,46.0,0 days 00:01:29.486000,MEDIUM,1.0,15.0,,0 days 01:54:15.887000
BEA,47.0,0 days 00:01:12.405000,MEDIUM,2.0,14.0,,
BEA,48.0,0 days 00:01:12.626000,MEDIUM,3.0,14.0,,
BEA,49.0,0 days 00:01:13.475000,MEDIUM,4.0,14.0,,
BEA,50.0,0 days 00:01:12.579000,MEDIUM,5.0,14.0,,
BEA,51.0,0 days 00:01:23.153000,MEDIUM,6.0,14.0,,
BEA,52.0,0 days 00:01:12.808000,MEDIUM,7.0,14.0,,
BEA,53.0,0 days 00:01:12.266000,MEDIUM,8.0,14.0,,
BEA,54.0,0 days 00:01:12.207000,MEDIUM,9.0,14.0,,
BEA,55.0,0 days 00:01:12.506000,MEDIUM,10.0,14.0,,
BEA,56.0,0 days 00:01:12.764000,MEDIUM,11.0,14.0,,
BEA,57.0,0 days 00:01:12.952000,MEDIUM,12.0,14.0,,
BEA,58.0,0 days 00:01:12.989000,MEDIUM,13.0,14.0,,
BEA,59.0,0 days 00:01:13.054000,MEDIUM,14.0,14.0,,
BEA,60.0,0 days 00:01:13.010000,MEDIUM,15.0,14.0,,
BEA,61.0,0 days 00:01:13.132000,MEDIUM,16.0,14.0,,
BEA,62.0,0 days 00:01:13.325000,MEDIUM,17.0,14.0,,
BEA,63.0,0 days 00:01:14.962000,MEDIUM,18.0,14.0,,
BEA,64.0,0 days 00:01:13.241000,MEDIUM,19.0,14.0,,
BEA,65.0,0 days 00:01:13.191000,MEDIUM,20.0,14.0,,
BEA,66.0,0 days 00:01:13.044000,MEDIUM,21.0,14.0,,
BEA,67.0,0 days 00:01:13.032000,MEDIUM,22.0,14.0,,
BEA,68.0,0 days 00:01:12.895000,MEDIUM,23.0,14.0,,
BEA,69.0,0 days 00:01:13.350000,MEDIUM,24.0,14.0,,
BEA,70.0,0 days 00:01:12.654000,MEDIUM,25.0,14.0,,
