Driver,Team,LapNumber,LapTime,Compound,TyreLife,Position,PitInTime,PitOutTime
VER,Red Bull Racing,1.0,0 days 00:01:27.817000,MEDIUM,1.0,4.0,,
VER,Red Bull Racing,2.0,0 days 00:01:23.412000,MEDIUM,2.0,4.0,,
VER,Red Bull Racing,3.0,0 days 00:01:22.702000,MEDIUM,3.0,4.0,,
VER,Red Bull Racing,4.0,0 days 00:01:22.787000,MEDIUM,4.0,4.0,,
VER,Red Bull Racing,5.0,0 days 00:01:22.538000,MEDIUM,5.0,4.0,,
VER,Red Bull Racing,6.0,0 days 00:01:28.329000,MEDIUM,6.0,5.0,,
VER,Red Bull Racing,7.0,0 days 00:01:22.981000,MEDIUM,7.0,5.0,,
VER,Red Bull Racing,8.0,0 days 00:01:23.010000,MEDIUM,8.0,5.0,,
VER,Red Bull Racing,9.0,0 days 00:01:23.296000,MEDIUM,9.0,5.0,,
VER,Red Bull Racing,10.0,0 days 00:01:23.234000,MEDIUM,10.0,5.0,,
VER,Red Bull Racing,11.0,0 days 00:01:23.246000,MEDIUM,11.0,5.0,,
VER,Red Bull Racing,12.0,0 days 00:01:23.124000,MEDIUM,12.0,5.0,,
VER,Red Bull Racing,13.0,0 days 00:01:23.086000,MEDIUM,13.0,5.0,,
VER,Red Bull Racing,14.0,0 days 00:01:22.891000,MEDIUM,14.0,5.0,,
VER,Red Bull Racing,15.0,0 days 00:01:23.296000,MEDIUM,15.0,5.0,,
VER,Red Bull Racing,16.0,0 days 00:01:23.364000,MEDIUM,16.0,5.0,,
VER,Red Bull Racing,17.0,0 days 00:01:23.239000,MEDIUM,17.0,5.0,,
VER,Red Bull Racing,18.0,0 days 00:01:23.484000,MEDIUM,18.0,5.0,,
VER,Red Bull Racing,19.0,0 days 00:01:23.237000,MEDIUM,19.0,5.0,,
VER,Red Bull Racing,20.0,0 days 00:01:23.344000,MEDIUM,20.0,5.0,,
VER,Red Bull Racing,21.0,0 days 00:01:23.409000,MEDIUM,21.0,5.0,,
VER,Red Bull Racing,22.0,0 days 00:01:23.221000,MEDIUM,22.0,5.0,,
VER,Red Bull Racing,23.0,0 days 00:01:23.452000,MEDIUM,23.0,5.0,,
VER,Red Bull Racing,24.0,0 days 00:01:23.291000,MEDIUM,24.0,3.0,,
VER,Red Bull Racing,25.0,0 days 00:01:23.128000,MEDIUM,25.0,3.0,,
VER,Red Bull Racing,26.0,0 days 00:01:23.510000,MEDIUM,26.0,3.0,,
VER,Red Bull Racing,27.0,0 days 00:01:23.239000,MEDIUM,27.0,3.0,,
VER,Red Bull Racing,28.0,0 days 00:01:23.192000,MEDIUM,28.0,3.0,,
VER,Red Bull Racing,29.0,0 days 00:01:23.395000,MEDIUM,29.0,3.0,,
VER,Red Bull Racing,30.0,0 days 00:01:23.348000,MEDIUM,30.0,3.0,,
VER,Red Bull Racing,31.0,0 days 00:01:23.351000,MEDIUM,31.0,3.0,,
VER,Red Bull Racing,32.0,0 days 00:01:23.383000,MEDIUM,32.0,2.0,,
VER,Red Bull Racing,33.0,0 days 00:01:23.146000,MEDIUM,33.0,2.0,,
VER,Red Bull Racing,34.0,0 days 00:01:23.604000,MEDIUM,34.0,2.0,,
VER,Red Bull Racing,35.0,0 days 00:01:23.966000,MEDIUM,35.0,2.0,,
VER,Red Bull Racing,36.0,0 days 00:01:24.026000,MEDIUM,36.0,2.0,,
VER,Red Bull Racing,37.0,0 days 00:01:27.255000,MEDIUM,37.0,2.0,0 days 01:48:39.134000,
VER,Red Bull Racing,38.0,0 days 00:01:40.899000,SOFT,4.0,8.0,,0 days 01:49:01.864000
VER,Red Bull Racing,39.0,0 days 00:01:21.284000,SOFT,5.0,8.0,,
VER,Red Bull Racing,40.0,0 days 00:01:21.425000,SOFT,6.0,8.0,,
VER,Red Bull Racing,41.0,0 days 00:01:21.447000,SOFT,7.0,8.0,,
VER,Red Bull Racing,42.0,0 days 00:01:21.349000,SOFT,8.0,8.0,,
VER,Red Bull Racing,43.0,0 days 00:01:21.348000,SOFT,9.0,8.0,,
VER,Red Bull Racing,44.0,0 days 00:01:21.404000,SOFT,10.0,8.0,,
VER,Red Bull Racing,45.0,0 days 00:01:21.291000,SOFT,11.0,8.0,,
VER,Red Bull Racing,46.0,0 days 00:01:21.681000,SOFT,12.0,8.0,,
VER,Red Bull Racing,47.0,0 days 00:01:21.236000,SOFT,13.0,5.0,,
VER,Red Bull Racing,48.0,0 days 00:01:21.435000,SOFT,14.0,5.0,,
VER,Red Bull Racing,49.0,0 days 00:01:21.219000,SOFT,15.0,3.0,,
VER,Red Bull Racing,50.0,0 days 00:01:21.108000,SOFT,16.0,3.0,,
VER,Red Bull Racing,51.0,0 days 00:01:21.266000,SOFT,17.0,3.0,,
VER,Red Bull Racing,52.0,0 days 00:01:21.224000,SOFT,18.0,3.0,,
VER,Red Bull Racing,53.0,0 days 00:01:21.232000,SOFT,19.0,3.0,,
VER,Red Bull Racing,54.0,0 days 00:01:21.283000,SOFT,20.0,3.0,,
VER,Red Bull Racing,55.0,0 days 00:01:21.148000,SOFT,21.0,3.0,,
VER,Red Bull Racing,56.0,0 days 00:01:21.267000,SOFT,22.0,3.0,,
VER,Red Bull Racing,57.0,0 days 00:01:21.544000,SOFT,23.0,3.0,,
VER,Red Bull Racing,58.0,0 days 00:01:21.183000,SOFT,24.0,3.0,,
VER,Red Bull Racing,59.0,0 days 00:01:21.267000,SOFT,25.0,3.0,,
VER,Red Bull Racing,60.0,0 days 00:01:21.174000,SOFT,26.0,3.0,,
VER,Red Bull Racing,61.0,0 days 00:01:21.366000,SOFT,27.0,3.0,,
VER,Red Bull Racing,62.0,0 days 00:01:21.237000,SOFT,28.0,3.0,,
VER,Red Bull Racing,63.0,0 days 00:01:21.434000,SOFT,29.0,3.0,,
VER,Red Bull Racing,64.0,0 days 00:01:21.434000,SOFT,30.0,3.0,,
VER,Red Bull Racing,65.0,0 days 00:01:21.558000,SOFT,31.0,3.0,,
VER,Red Bull Racing,66.0,0 days 00:01:21.248000,SOFT,32.0,3.0,,
VER,Red Bull Racing,67.0,0 days 00:01:21.563000,SOFT,33.0,3.0,,
VER,Red Bull Racing,68.0,0 days 00:01:21.663000,SOFT,34.0,3.0,,
VER,Red Bull Racing,69.0,0 days 00:01:22.007000,SOFT,35.0,3.0,,
VER,Red Bull Racing,70.0,0 days 00:01:37.045000,SOFT,36.0,3.0,,
VER,Red Bull Racing,71.0,0 days 00:01:35.021000,SOFT,37.0,3.0,,
GAS,Alpine,1.0,0 days 00:01:34.307000,MEDIUM,1.0,15.0,,
GAS,Alpine,2.0,0 days 00:01:27.656000,MEDIUM,2.0,15.0,,
GAS,Alpine,3.0,0 days 00:01:24.280000,MEDIUM,3.0,15.0,,
GAS,Alpine,4.0,0 days 00:01:23.831000,MEDIUM,4.0,15.0,,
GAS,Alpine,5.0,0 days 00:01:25.852000,MEDIUM,5.0,16.0,,
GAS,Alpine,6.0,0 days 00:01:24.627000,MEDIUM,6.0,17.0,,
GAS,Alpine,7.0,0 days 00:01:25.087000,MEDIUM,7.0,18.0,,
GAS,Alpine,8.0,0 days 00:01:24.752000,MEDIUM,8.0,17.0,,
GAS,Alpine,9.0,0 days 00:01:24.897000,MEDIUM,9.0,18.0,,
GAS,Alpine,10.0,0 days 00:01:24.632000,MEDIUM,10.0,18.0,,
GAS,Alpine,11.0,0 days 00:01:24.733000,MEDIUM,11.0,18.0,,
GAS,Alpine,12.0,0 days 00:01:24.454000,MEDIUM,12.0,18.0,,
GAS,Alpine,13.0,0 days 00:01:24.191000,MEDIUM,13.0,18.0,,
GAS,Alpine,14.0,0 days 00:01:24.213000,MEDIUM,14.0,18.0,,
GAS,Alpine,15.0,0 days 00:01:24.492000,MEDIUM,15.0,18.0,,
GAS,Alpine,16.0,0 days 00:01:24.100000,MEDIUM,16.0,18.0,,
GAS,Alpine,17.0,0 days 00:01:25.310000,MEDIUM,17.0,18.0,,
GAS,Alpine,18.0,0 days 00:01:24.226000,MEDIUM,18.0,17.0,,
GAS,Alpine,19.0,0 days 00:01:24.317000,MEDIUM,19.0,17.0,,
GAS,Alpine,20.0,0 days 00:01:24.399000,MEDIUM,20.0,17.0,,
GAS,Alpine,21.0,0 days 00:01:24.562000,MEDIUM,21.0,16.0,,
GAS,Alpine,22.0,0 days 00:01:25.593000,MEDIUM,22.0,17.0,,
GAS,Alpine,23.0,0 days 00:01:24.322000,MEDIUM,23.0,17.0,,
GAS,Alpine,24.0,0 days 00:01:24.402000,MEDIUM,24.0,17.0,,
GAS,Alpine,25.0,0 days 00:01:24.502000,MEDIUM,25.0,17.0,,
GAS,Alpine,26.0,0 days 00:01:24.556000,MEDIUM,26.0,16.0,,
GAS,Alpine,27.0,0 days 00:01:24.534000,MEDIUM,27.0,15.0,,
GAS,Alpine,28.0,0 days 00:01:25.115000,MEDIUM,28.0,16.0,,
GAS,Alpine,29.0,0 days 00:01:25.084000,MEDIUM,29.0,17.0,,
GAS,Alpine,30.0,0 days 00:01:24.764000,MEDIUM,30.0,17.0,,
GAS,Alpine,31.0,0 days 00:01:24.697000,MEDIUM,31.0,17.0,,
GAS,Alpine,32.0,0 days 00:01:24.889000,MEDIUM,32.0,17.0,,
GAS,Alpine,33.0,0 days 00:01:28.210000,MEDIUM,33.0,18.0,0 days 01:43:54.452000,
GAS,Alpine,34.0,0 days 00:01:42.048000,SOFT,1.0,18.0,,0 days 01:44:17.228000
GAS,Alpine,35.0,0 days 00:01:23.026000,SOFT,2.0,17.0,,
GAS,Alpine,36.0,0 days 00:01:23.228000,SOFT,3.0,17.0,,
GAS,Alpine,37.0,0 days 00:01:23.886000,SOFT,4.0,17.0,,
GAS,Alpine,38.0,0 days 00:01:22.727000,SOFT,5.0,17.0,,
GAS,Alpine,39.0,0 days 00:01:22.475000,SOFT,6.0,17.0,,
GAS,Alpine,40.0,0 days 00:01:22.665000,SOFT,7.0,17.0,,
GAS,Alpine,41.0,0 days 00:01:22.467000,SOFT,8.0,17.0,,
GAS,Alpine,42.0,0 days 00:01:22.663000,SOFT,9.0,17.0,,
GAS,Alpine,43.0,0 days 00:01:22.271000,SOFT,10.0,17.0,,
GAS,Alpine,44.0,0 days 00:01:22.708000,SOFT,11.0,17.0,,
GAS,Alpine,45.0,0 days 00:01:22.538000,SOFT,12.0,17.0,,
GAS,Alpine,46.0,0 days 00:01:22.630000,SOFT,13.0,17.0,,
GAS,Alpine,47.0,0 days 00:01:22.744000,SOFT,14.0,17.0,,
GAS,Alpine,48.0,0 days 00:01:22.685000,SOFT,15.0,16.0,,
GAS,Alpine,49.0,0 days 00:01:22.693000,SOFT,16.0,16.0,,
GAS,Alpine,50.0,0 days 00:01:22.637000,SOFT,17.0,16.0,,
GAS,Alpine,51.0,0 days 00:01:22.601000,SOFT,18.0,16.0,,
GAS,Alpine,52.0,0 days 00:01:22.640000,SOFT,19.0,16.0,,
GAS,Alpine,53.0,0 days 00:01:22.361000,SOFT,20.0,16.0,,
GAS,Alpine,54.0,0 days 00:01:22.515000,SOFT,21.0,16.0,,
GAS,Alpine,55.0,0 days 00:01:22.578000,SOFT,22.0,16.0,,
GAS,Alpine,56.0,0 days 00:01:22.582000,SOFT,23.0,16.0,,
GAS,Alpine,57.0,0 days 00:01:22.699000,SOFT,24.0,16.0,,
GAS,Alpine,58.0,0 days 00:01:24.793000,SOFT,25.0,16.0,,
GAS,Alpine,59.0,0 days 00:01:23.014000,SOFT,26.0,16.0,,
GAS,Alpine,60.0,0 days 00:01:22.713000,SOFT,27.0,16.0,,
GAS,Alpine,61.0,0 days 00:01:24.423000,SOFT,28.0,16.0,,
GAS,Alpine,62.0,0 days 00:01:22.632000,SOFT,29.0,16.0,,
GAS,Alpine,63.0,0 days 00:01:22.944000,SOFT,30.0,16.0,,
GAS,Alpine,64.0,0 days 00:01:22.681000,SOFT,31.0,16.0,,
GAS,Alpine,65.0,0 days 00:01:22.802000,SOFT,32.0,16.0,,
GAS,Alpine,66.0,0 days 00:01:23.080000,SOFT,33.0,16.0,,
GAS,Alpine,67.0,0 days 00:01:22.800000,SOFT,34.0,16.0,,
GAS,Alpine,68.0,0 days 00:01:24.301000,SOFT,35.0,15.0,,
GAS,Alpine,69.0,0 days 00:01:45.019000,SOFT,36.0,15.0,,
GAS,Alpine,70.0,0 days 00:01:27.799000,SOFT,37.0,15.0,,
ANT,Mercedes,1.0,0 days 00:01:29.572000,SOFT,4.0,7.0,,
ANT,Mercedes,2.0,0 days 00:01:23.658000,SOFT,5.0,7.0,,
ANT,Mercedes,3.0,0 days 00:01:23.002000,SOFT,6.0,7.0,,
ANT,Mercedes,4.0,0 days 00:01:23.019000,SOFT,7.0,7.0,,
ANT,Mercedes,5.0,0 days 00:01:22.774000,SOFT,8.0,7.0,,
ANT,Mercedes,6.0,0 days 00:01:26.125000,SOFT,9.0,6.0,,
ANT,Mercedes,7.0,0 days 00:01:23.059000,SOFT,10.0,6.0,,
ANT,Mercedes,8.0,0 days 00:01:23.181000,SOFT,11.0,6.0,,
ANT,Mercedes,9.0,0 days 00:01:23.125000,SOFT,12.0,6.0,,
ANT,Mercedes,10.0,0 days 00:01:23.467000,SOFT,13.0,6.0,,
ANT,Mercedes,11.0,0 days 00:01:23.350000,SOFT,14.0,6.0,,
ANT,Mercedes,12.0,0 days 00:01:23.087000,SOFT,15.0,6.0,,
ANT,Mercedes,13.0,0 days 00:01:23.054000,SOFT,16.0,6.0,,
ANT,Mercedes,14.0,0 days 00:01:22.965000,SOFT,17.0,6.0,,
ANT,Mercedes,15.0,0 days 00:01:23.387000,SOFT,18.0,6.0,,
ANT,Mercedes,16.0,0 days 00:01:23.577000,SOFT,19.0,6.0,,
ANT,Mercedes,17.0,0 days 00:01:23.226000,SOFT,20.0,6.0,,
ANT,Mercedes,18.0,0 days 00:01:23.348000,SOFT,21.0,6.0,,
ANT,Mercedes,19.0,0 days 00:01:23.361000,SOFT,22.0,6.0,,
ANT,Mercedes,20.0,0 days 00:01:23.421000,SOFT,23.0,6.0,,
ANT,Mercedes,21.0,0 days 00:01:23.538000,SOFT,24.0,6.0,,
ANT,Mercedes,22.0,0 days 00:01:26.134000,SOFT,25.0,8.0,0 days 01:27:48.170000,
ANT,Mercedes,23.0,0 days 00:01:40.558000,MEDIUM,1.0,13.0,,0 days 01:28:10.623000
ANT,Mercedes,24.0,0 days 00:01:22.969000,MEDIUM,2.0,12.0,,
ANT,Mercedes,25.0,0 days 00:01:21.845000,MEDIUM,3.0,10.0,,
ANT,Mercedes,26.0,0 days 00:01:22.437000,MEDIUM,4.0,8.0,,
ANT,Mercedes,27.0,0 days 00:01:22.709000,MEDIUM,5.0,7.0,,
ANT,Mercedes,28.0,0 days 00:01:22.540000,MEDIUM,6.0,6.0,,
ANT,Mercedes,29.0,0 days 00:01:22.378000,MEDIUM,7.0,6.0,,
ANT,Mercedes,30.0,0 days 00:01:22.557000,MEDIUM,8.0,6.0,,
ANT,Mercedes,31.0,0 days 00:01:22.522000,MEDIUM,9.0,6.0,,
ANT,Mercedes,32.0,0 days 00:01:23.240000,MEDIUM,10.0,6.0,,
ANT,Mercedes,33.0,0 days 00:01:22.077000,MEDIUM,11.0,5.0,,
ANT,Mercedes,34.0,0 days 00:01:22.335000,MEDIUM,12.0,5.0,,
ANT,Mercedes,35.0,0 days 00:01:22.650000,MEDIUM,13.0,5.0,,
ANT,Mercedes,36.0,0 days 00:01:22.568000,MEDIUM,14.0,5.0,,
ANT,Mercedes,37.0,0 days 00:01:22.467000,MEDIUM,15.0,5.0,,
ANT,Mercedes,38.0,0 days 00:01:22.477000,MEDIUM,16.0,4.0,,
ANT,Mercedes,39.0,0 days 00:01:22.421000,MEDIUM,17.0,4.0,,
ANT,Mercedes,40.0,0 days 00:01:22.410000,MEDIUM,18.0,4.0,,
ANT,Mercedes,41.0,0 days 00:01:24.072000,MEDIUM,19.0,5.0,,
ANT,Mercedes,42.0,0 days 00:01:22.353000,MEDIUM,20.0,5.0,,
ANT,Mercedes,43.0,0 days 00:01:22.271000,MEDIUM,21.0,5.0,,
ANT,Mercedes,44.0,0 days 00:01:22.248000,MEDIUM,22.0,5.0,,
ANT,Mercedes,45.0,0 days 00:01:22.513000,MEDIUM,23.0,5.0,,
ANT,Mercedes,46.0,0 days 00:01:22.556000,MEDIUM,24.0,5.0,,
ANT,Mercedes,47.0,0 days 00:01:26.184000,MEDIUM,25.0,6.0,0 days 02:02:33.545000,
ANT,Mercedes,48.0,0 days 00:01:42.458000,SOFT,4.0,8.0,,0 days 02:02:58.099000
ANT,Mercedes,49.0,0 days 00:01:21.474000,SOFT,5.0,7.0,,
ANT,Mercedes,50.0,0 days 00:01:21.007000,SOFT,6.0,7.0,,
ANT,Mercedes,51.0,0 days 00:01:20.900000,SOFT,7.0,7.0,,
ANT,Mercedes,52.0,0 days 00:01:20.924000,SOFT,8.0,7.0,,
ANT,Mercedes,53.0,0 days 00:01:20.874000,SOFT,9.0,7.0,,
ANT,Mercedes,54.0,0 days 00:01:20.869000,SOFT,10.0,7.0,,
ANT,Mercedes,55.0,0 days 00:01:20.873000,SOFT,11.0,7.0,,
ANT,Mercedes,56.0,0 days 00:01:20.869000,SOFT,12.0,7.0,,
ANT,Mercedes,57.0,0 days 00:01:21.144000,SOFT,13.0,7.0,,
ANT,Mercedes,58.0,0 days 00:01:20.826000,SOFT,14.0,7.0,,
ANT,Mercedes,59.0,0 days 00:01:21.104000,SOFT,15.0,7.0,,
ANT,Mercedes,60.0,0 days 00:01:21.472000,SOFT,16.0,7.0,,
ANT,Mercedes,61.0,0 days 00:01:21.393000,SOFT,17.0,7.0,,
ANT,Mercedes,62.0,0 days 00:01:20.900000,SOFT,18.0,6.0,,
ANT,Mercedes,63.0,0 days 00:01:21.744000,SOFT,19.0,6.0,,
ANT,Mercedes,64.0,0 days 00:01:21.711000,SOFT,20.0,6.0,,
ANT,Mercedes,65.0,0 days 00:01:21.315000,SOFT,21.0,6.0,,
ANT,Mercedes,66.0,0 days 00:01:21.260000,SOFT,22.0,6.0,,
ANT,Mercedes,67.0,0 days 00:01:21.047000,SOFT,23.0,6.0,,
ANT,Mercedes,68.0,0 days 00:01:21.024000,SOFT,24.0,6.0,,
ANT,Mercedes,69.0,0 days 00:01:23.044000,SOFT,25.0,6.0,,
ANT,Mercedes,70.0,0 days 00:01:41.733000,SOFT,26.0,6.0,,
ANT,Mercedes,71.0,0 days 00:01:27.659000,SOFT,27.0,6.0,,
ALO,Aston Martin,1.0,0 days 00:01:34.649000,SOFT,1.0,16.0,,
ALO,Aston Martin,2.0,0 days 00:01:26.255000,SOFT,2.0,14.0,,
ALO,Aston Martin,3.0,0 days 00:01:23.111000,SOFT,3.0,14.0,,
ALO,Aston Martin,4.0,0 days 00:01:22.965000,SOFT,4.0,14.0,,
ALO,Aston Martin,5.0,0 days 00:01:22.884000,SOFT,5.0,14.0,,
ALO,Aston Martin,6.0,0 days 00:01:23.525000,SOFT,6.0,14.0,,
ALO,Aston Martin,7.0,0 days 00:01:23.732000,SOFT,7.0,14.0,,
ALO,Aston Martin,8.0,0 days 00:01:24.017000,SOFT,8.0,14.0,,
ALO,Aston Martin,9.0,0 days 00:01:24.591000,SOFT,9.0,14.0,,
ALO,Aston Martin,10.0,0 days 00:01:24.214000,SOFT,10.0,14.0,,
ALO,Aston Martin,11.0,0 days 00:01:24.076000,SOFT,11.0,14.0,,
ALO,Aston Martin,12.0,0 days 00:01:24.407000,SOFT,12.0,14.0,,
ALO,Aston Martin,13.0,0 days 00:01:24.088000,SOFT,13.0,14.0,,
ALO,Aston Martin,14.0,0 days 00:01:23.803000,SOFT,14.0,14.0,,
ALO,Aston Martin,15.0,0 days 00:01:24.306000,SOFT,15.0,14.0,,
ALO,Aston Martin,16.0,0 days 00:01:23.959000,SOFT,16.0,14.0,,
ALO,Aston Martin,17.0,0 days 00:01:24.641000,SOFT,17.0,13.0,,
ALO,Aston Martin,18.0,0 days 00:01:24.123000,SOFT,18.0,13.0,,
ALO,Aston Martin,19.0,0 days 00:01:24.182000,SOFT,19.0,13.0,,
ALO,Aston Martin,20.0,0 days 00:01:28.541000,SOFT,20.0,15.0,0 days 01:25:20.882000,
ALO,Aston Martin,21.0,0 days 00:01:45.378000,MEDIUM,2.0,19.0,,0 days 01:25:47.750000
ALO,Aston Martin,22.0,0 days 00:01:21.708000,MEDIUM,3.0,19.0,,
ALO,Aston Martin,23.0,0 days 00:01:22.066000,MEDIUM,4.0,19.0,,
ALO,Aston Martin,24.0,0 days 00:01:22.381000,MEDIUM,5.0,19.0,,
ALO,Aston Martin,25.0,0 days 00:01:23.038000,MEDIUM,6.0,19.0,,
ALO,Aston Martin,26.0,0 days 00:01:22.663000,MEDIUM,7.0,17.0,,
ALO,Aston Martin,27.0,0 days 00:01:23.810000,MEDIUM,8.0,16.0,,
ALO,Aston Martin,28.0,0 days 00:01:22.404000,MEDIUM,9.0,15.0,,
ALO,Aston Martin,29.0,0 days 00:01:22.584000,MEDIUM,10.0,15.0,,
ALO,Aston Martin,30.0,0 days 00:01:22.786000,MEDIUM,11.0,15.0,,
ALO,Aston Martin,31.0,0 days 00:01:22.576000,MEDIUM,12.0,15.0,,
ALO,Aston Martin,32.0,0 days 00:01:22.661000,MEDIUM,13.0,15.0,,
ALO,Aston Martin,33.0,0 days 00:01:22.881000,MEDIUM,14.0,15.0,,
ALO,Aston Martin,34.0,0 days 00:01:33.698000,MEDIUM,15.0,16.0,0 days 01:45:11.490000,
LEC,Ferrari,1.0,0 days 00:01:26.403000,SOFT,1.0,2.0,,
LEC,Ferrari,2.0,0 days 00:01:23.141000,SOFT,2.0,2.0,,
LEC,Ferrari,3.0,0 days 00:01:22.825000,SOFT,3.0,2.0,,
LEC,Ferrari,4.0,0 days 00:01:22.476000,SOFT,4.0,2.0,,
LEC,Ferrari,5.0,0 days 00:01:22.622000,SOFT,5.0,2.0,,
LEC,Ferrari,6.0,0 days 00:01:22.596000,SOFT,6.0,2.0,,
LEC,Ferrari,7.0,0 days 00:01:22.620000,SOFT,7.0,2.0,,
LEC,Ferrari,8.0,0 days 00:01:22.735000,SOFT,8.0,2.0,,
LEC,Ferrari,9.0,0 days 00:01:22.475000,SOFT,9.0,2.0,,
LEC,Ferrari,10.0,0 days 00:01:22.629000,SOFT,10.0,2.0,,
LEC,Ferrari,11.0,0 days 00:01:22.889000,SOFT,11.0,2.0,,
LEC,Ferrari,12.0,0 days 00:01:22.526000,SOFT,12.0,2.0,,
LEC,Ferrari,13.0,0 days 00:01:22.953000,SOFT,13.0,2.0,,
LEC,Ferrari,14.0,0 days 00:01:22.823000,SOFT,14.0,2.0,,
LEC,Ferrari,15.0,0 days 00:01:22.820000,SOFT,15.0,2.0,,
LEC,Ferrari,16.0,0 days 00:01:23,SOFT,16.0,2.0,,
LEC,Ferrari,17.0,0 days 00:01:23.087000,SOFT,17.0,2.0,,
LEC,Ferrari,18.0,0 days 00:01:23.301000,SOFT,18.0,2.0,,
LEC,Ferrari,19.0,0 days 00:01:22.818000,SOFT,19.0,2.0,,
LEC,Ferrari,20.0,0 days 00:01:22.837000,SOFT,20.0,2.0,,
LEC,Ferrari,21.0,0 days 00:01:22.722000,SOFT,21.0,2.0,,
LEC,Ferrari,22.0,0 days 00:01:23.059000,SOFT,22.0,2.0,,
LEC,Ferrari,23.0,0 days 00:01:23.204000,SOFT,23.0,2.0,,
LEC,Ferrari,24.0,0 days 00:01:23.501000,SOFT,24.0,2.0,,
LEC,Ferrari,25.0,0 days 00:01:23.446000,SOFT,25.0,2.0,,
LEC,Ferrari,26.0,0 days 00:01:23.683000,SOFT,26.0,2.0,,
LEC,Ferrari,27.0,0 days 00:01:23.544000,SOFT,27.0,2.0,,
LEC,Ferrari,28.0,0 days 00:01:23.608000,SOFT,28.0,2.0,,
LEC,Ferrari,29.0,0 days 00:01:23.587000,SOFT,29.0,2.0,,
LEC,Ferrari,30.0,0 days 00:01:24.197000,SOFT,30.0,2.0,,
LEC,Ferrari,31.0,0 days 00:01:27.353000,SOFT,31.0,2.0,0 days 01:40:06.174000,
LEC,Ferrari,32.0,0 days 00:01:41.492000,MEDIUM,1.0,3.0,,0 days 01:40:28.568000
LEC,Ferrari,33.0,0 days 00:01:22.799000,MEDIUM,2.0,3.0,,
LEC,Ferrari,34.0,0 days 00:01:22.597000,MEDIUM,3.0,3.0,,
LEC,Ferrari,35.0,0 days 00:01:22.430000,MEDIUM,4.0,3.0,,
LEC,Ferrari,36.0,0 days 00:01:21.995000,MEDIUM,5.0,3.0,,
LEC,Ferrari,37.0,0 days 00:01:22.093000,MEDIUM,6.0,3.0,,
LEC,Ferrari,38.0,0 days 00:01:21.952000,MEDIUM,7.0,2.0,,
LEC,Ferrari,39.0,0 days 00:01:22.040000,MEDIUM,8.0,2.0,,
LEC,Ferrari,40.0,0 days 00:01:22.235000,MEDIUM,9.0,2.0,,
LEC,Ferrari,41.0,0 days 00:01:22.115000,MEDIUM,10.0,2.0,,
LEC,Ferrari,42.0,0 days 00:01:21.813000,MEDIUM,11.0,2.0,,
LEC,Ferrari,43.0,0 days 00:01:21.857000,MEDIUM,12.0,2.0,,
LEC,Ferrari,44.0,0 days 00:01:21.684000,MEDIUM,13.0,2.0,,
LEC,Ferrari,45.0,0 days 00:01:21.588000,MEDIUM,14.0,2.0,,
LEC,Ferrari,46.0,0 days 00:01:21.683000,MEDIUM,15.0,2.0,,
LEC,Ferrari,47.0,0 days 00:01:21.818000,MEDIUM,16.0,2.0,,
LEC,Ferrari,48.0,0 days 00:01:21.975000,MEDIUM,17.0,2.0,,
LEC,Ferrari,49.0,0 days 00:01:21.773000,MEDIUM,18.0,2.0,,
LEC,Ferrari,50.0,0 days 00:01:22.011000,MEDIUM,19.0,2.0,,
LEC,Ferrari,51.0,0 days 00:01:21.987000,MEDIUM,20.0,2.0,,
LEC,Ferrari,52.0,0 days 00:01:21.914000,MEDIUM,21.0,2.0,,
LEC,Ferrari,53.0,0 days 00:01:21.956000,MEDIUM,22.0,2.0,,
LEC,Ferrari,54.0,0 days 00:01:21.867000,MEDIUM,23.0,2.0,,
LEC,Ferrari,55.0,0 days 00:01:22.043000,MEDIUM,24.0,2.0,,
LEC,Ferrari,56.0,0 days 00:01:21.888000,MEDIUM,25.0,2.0,,
LEC,Ferrari,57.0,0 days 00:01:22.250000,MEDIUM,26.0,2.0,,
LEC,Ferrari,58.0,0 days 00:01:21.903000,MEDIUM,27.0,2.0,,
LEC,Ferrari,59.0,0 days 00:01:22.038000,MEDIUM,28.0,2.0,,
LEC,Ferrari,60.0,0 days 00:01:21.613000,MEDIUM,29.0,2.0,,
LEC,Ferrari,61.0,0 days 00:01:22.122000,MEDIUM,30.0,2.0,,
LEC,Ferrari,62.0,0 days 00:01:21.688000,MEDIUM,31.0,2.0,,
LEC,Ferrari,63.0,0 days 00:01:22.095000,MEDIUM,32.0,2.0,,
LEC,Ferrari,64.0,0 days 00:01:21.851000,MEDIUM,33.0,2.0,,
LEC,Ferrari,65.0,0 days 00:01:21.924000,MEDIUM,34.0,2.0,,
LEC,Ferrari,66.0,0 days 00:01:21.792000,MEDIUM,35.0,2.0,,
LEC,Ferrari,67.0,0 days 00:01:22.237000,MEDIUM,36.0,2.0,,
LEC,Ferrari,68.0,0 days 00:01:21.928000,MEDIUM,37.0,2.0,,
LEC,Ferrari,69.0,0 days 00:01:22.418000,MEDIUM,38.0,2.0,,
LEC,Ferrari,70.0,0 days 00:01:37.242000,MEDIUM,39.0,2.0,,
LEC,Ferrari,71.0,0 days 00:01:34.712000,MEDIUM,40.0,2.0,,
STR,Aston Martin,1.0,0 days 00:01:38.448000,SOFT,1.0,19.0,,
STR,Aston Martin,2.0,0 days 00:01:24.968000,SOFT,2.0,18.0,,
STR,Aston Martin,3.0,0 days 00:01:24.774000,SOFT,3.0,17.0,,
STR,Aston Martin,4.0,0 days 00:01:23.516000,SOFT,4.0,17.0,,
STR,Aston Martin,5.0,0 days 00:01:24.481000,SOFT,5.0,17.0,,
STR,Aston Martin,6.0,0 days 00:01:22.898000,SOFT,6.0,16.0,,
STR,Aston Martin,7.0,0 days 00:01:23.385000,SOFT,7.0,16.0,,
STR,Aston Martin,8.0,0 days 00:01:23.680000,SOFT,8.0,15.0,,
STR,Aston Martin,9.0,0 days 00:01:23.942000,SOFT,9.0,15.0,,
STR,Aston Martin,10.0,0 days 00:01:23.610000,SOFT,10.0,15.0,,
STR,Aston Martin,11.0,0 days 00:01:23.978000,SOFT,11.0,15.0,,
STR,Aston Martin,12.0,0 days 00:01:23.827000,SOFT,12.0,15.0,,
STR,Aston Martin,13.0,0 days 00:01:23.872000,SOFT,13.0,15.0,,
STR,Aston Martin,14.0,0 days 00:01:23.865000,SOFT,14.0,15.0,,
STR,Aston Martin,15.0,0 days 00:01:23.341000,SOFT,15.0,15.0,,
STR,Aston Martin,16.0,0 days 00:01:23.808000,SOFT,16.0,15.0,,
STR,Aston Martin,17.0,0 days 00:01:23.931000,SOFT,17.0,14.0,,
STR,Aston Martin,18.0,0 days 00:01:23.793000,SOFT,18.0,14.0,,
STR,Aston Martin,19.0,0 days 00:01:23.988000,SOFT,19.0,14.0,,
STR,Aston Martin,20.0,0 days 00:01:23.773000,SOFT,20.0,13.0,,
STR,Aston Martin,21.0,0 days 00:01:23.685000,SOFT,21.0,13.0,,
STR,Aston Martin,22.0,0 days 00:01:23.626000,SOFT,22.0,13.0,,
STR,Aston Martin,23.0,0 days 00:01:23.703000,SOFT,23.0,12.0,,
STR,Aston Martin,24.0,0 days 00:01:23.772000,SOFT,24.0,11.0,,
STR,Aston Martin,25.0,0 days 00:01:24.857000,SOFT,25.0,11.0,,
STR,Aston Martin,26.0,0 days 00:01:27.111000,SOFT,26.0,12.0,0 days 01:33:43.524000,
STR,Aston Martin,27.0,0 days 00:01:41.545000,MEDIUM,2.0,18.0,,0 days 01:34:05.449000
STR,Aston Martin,28.0,0 days 00:01:22.220000,MEDIUM,3.0,17.0,,
STR,Aston Martin,29.0,0 days 00:01:22.080000,MEDIUM,4.0,16.0,,
STR,Aston Martin,30.0,0 days 00:01:22.581000,MEDIUM,5.0,16.0,,
STR,Aston Martin,31.0,0 days 00:01:22.347000,MEDIUM,6.0,16.0,,
STR,Aston Martin,32.0,0 days 00:01:22.115000,MEDIUM,7.0,16.0,,
STR,Aston Martin,33.0,0 days 00:01:22.329000,MEDIUM,8.0,16.0,,
STR,Aston Martin,34.0,0 days 00:01:22.079000,MEDIUM,9.0,15.0,,
STR,Aston Martin,35.0,0 days 00:01:23.215000,MEDIUM,10.0,14.0,,
STR,Aston Martin,36.0,0 days 00:01:23.069000,MEDIUM,11.0,14.0,,
STR,Aston Martin,37.0,0 days 00:01:23.154000,MEDIUM,12.0,13.0,,
STR,Aston Martin,38.0,0 days 00:01:22.365000,MEDIUM,13.0,11.0,,
STR,Aston Martin,39.0,0 days 00:01:22.458000,MEDIUM,14.0,11.0,,
STR,Aston Martin,40.0,0 days 00:01:22.606000,MEDIUM,15.0,11.0,,
STR,Aston Martin,41.0,0 days 00:01:22.751000,MEDIUM,16.0,11.0,,
STR,Aston Martin,42.0,0 days 00:01:22.839000,MEDIUM,17.0,11.0,,
STR,Aston Martin,43.0,0 days 00:01:25.444000,MEDIUM,18.0,11.0,0 days 01:57:28.672000,
STR,Aston Martin,44.0,0 days 00:01:42.462000,SOFT,2.0,15.0,,0 days 01:57:52.295000
STR,Aston Martin,45.0,0 days 00:01:20.593000,SOFT,3.0,15.0,,
STR,Aston Martin,46.0,0 days 00:01:21.545000,SOFT,4.0,15.0,,
STR,Aston Martin,47.0,0 days 00:01:22.648000,SOFT,5.0,15.0,,
STR,Aston Martin,48.0,0 days 00:01:21.705000,SOFT,6.0,15.0,,
STR,Aston Martin,49.0,0 days 00:01:22.077000,SOFT,7.0,15.0,,
STR,Aston Martin,50.0,0 days 00:01:24.150000,SOFT,8.0,15.0,,
STR,Aston Martin,51.0,0 days 00:01:22.214000,SOFT,9.0,15.0,,
STR,Aston Martin,52.0,0 days 00:01:22.168000,SOFT,10.0,15.0,,
STR,Aston Martin,53.0,0 days 00:01:21.789000,SOFT,11.0,15.0,,
STR,Aston Martin,54.0,0 days 00:01:21.628000,SOFT,12.0,15.0,,
STR,Aston Martin,55.0,0 days 00:01:22.037000,SOFT,13.0,15.0,,
STR,Aston Martin,56.0,0 days 00:01:22.051000,SOFT,14.0,15.0,,
STR,Aston Martin,57.0,0 days 00:01:22.089000,SOFT,15.0,14.0,,
STR,Aston Martin,58.0,0 days 00:01:21.673000,SOFT,16.0,14.0,,
STR,Aston Martin,59.0,0 days 00:01:21.649000,SOFT,17.0,14.0,,
STR,Aston Martin,60.0,0 days 00:01:22.097000,SOFT,18.0,14.0,,
STR,Aston Martin,61.0,0 days 00:01:22.142000,SOFT,19.0,14.0,,
STR,Aston Martin,62.0,0 days 00:01:22.084000,SOFT,20.0,14.0,,
STR,Aston Martin,63.0,0 days 00:01:22.595000,SOFT,21.0,14.0,,
STR,Aston Martin,64.0,0 days 00:01:22.308000,SOFT,22.0,14.0,,
STR,Aston Martin,65.0,0 days 00:01:21.876000,SOFT,23.0,14.0,,
STR,Aston Martin,66.0,0 days 00:01:21.979000,SOFT,24.0,14.0,,
STR,Aston Martin,67.0,0 days 00:01:21.907000,SOFT,25.0,14.0,,
STR,Aston Martin,68.0,0 days 00:01:21.745000,SOFT,26.0,14.0,,
STR,Aston Martin,69.0,0 days 00:01:29.064000,SOFT,27.0,14.0,,
STR,Aston Martin,70.0,0 days 00:01:41.505000,SOFT,28.0,14.0,,
TSU,Red Bull Racing,1.0,0 days 00:01:30.188000,MEDIUM,1.0,8.0,,
TSU,Red Bull Racing,2.0,0 days 00:01:23.838000,MEDIUM,2.0,8.0,,
TSU,Red Bull Racing,3.0,0 days 00:01:23.059000,MEDIUM,3.0,8.0,,
TSU,Red Bull Racing,4.0,0 days 00:01:23.096000,MEDIUM,4.0,8.0,,
TSU,Red Bull Racing,5.0,0 days 00:01:22.832000,MEDIUM,5.0,8.0,,
TSU,Red Bull Racing,6.0,0 days 00:01:26.306000,MEDIUM,6.0,8.0,,
TSU,Red Bull Racing,7.0,0 days 00:01:23.698000,MEDIUM,7.0,8.0,,
TSU,Red Bull Racing,8.0,0 days 00:01:23.374000,MEDIUM,8.0,8.0,,
TSU,Red Bull Racing,9.0,0 days 00:01:23.522000,MEDIUM,9.0,8.0,,
TSU,Red Bull Racing,10.0,0 days 00:01:23.773000,MEDIUM,10.0,8.0,,
TSU,Red Bull Racing,11.0,0 days 00:01:24.667000,MEDIUM,11.0,9.0,,
TSU,Red Bull Racing,12.0,0 days 00:01:23.854000,MEDIUM,12.0,9.0,,
TSU,Red Bull Racing,13.0,0 days 00:01:23.977000,MEDIUM,13.0,9.0,,
TSU,Red Bull Racing,14.0,0 days 00:01:23.756000,MEDIUM,14.0,9.0,,
TSU,Red Bull Racing,15.0,0 days 00:01:23.693000,MEDIUM,15.0,9.0,,
TSU,Red Bull Racing,16.0,0 days 00:01:24.146000,MEDIUM,16.0,9.0,,
TSU,Red Bull Racing,17.0,0 days 00:01:23.944000,MEDIUM,17.0,9.0,,
TSU,Red Bull Racing,18.0,0 days 00:01:23.826000,MEDIUM,18.0,9.0,,
TSU,Red Bull Racing,19.0,0 days 00:01:23.538000,MEDIUM,19.0,9.0,,
TSU,Red Bull Racing,20.0,0 days 00:01:23.852000,MEDIUM,20.0,9.0,,
TSU,Red Bull Racing,21.0,0 days 00:01:23.552000,MEDIUM,21.0,9.0,,
TSU,Red Bull Racing,22.0,0 days 00:01:23.587000,MEDIUM,22.0,9.0,,
TSU,Red Bull Racing,23.0,0 days 00:01:23.642000,MEDIUM,23.0,8.0,,
TSU,Red Bull Racing,24.0,0 days 00:01:23.655000,MEDIUM,24.0,7.0,,
TSU,Red Bull Racing,25.0,0 days 00:01:23.424000,MEDIUM,25.0,5.0,,
TSU,Red Bull Racing,26.0,0 days 00:01:23.774000,MEDIUM,26.0,4.0,,
TSU,Red Bull Racing,27.0,0 days 00:01:23.527000,MEDIUM,27.0,4.0,,
TSU,Red Bull Racing,28.0,0 days 00:01:23.466000,MEDIUM,28.0,4.0,,
TSU,Red Bull Racing,29.0,0 days 00:01:23.431000,MEDIUM,29.0,4.0,,
TSU,Red Bull Racing,30.0,0 days 00:01:23.551000,MEDIUM,30.0,4.0,,
TSU,Red Bull Racing,31.0,0 days 00:01:23.591000,MEDIUM,31.0,4.0,,
TSU,Red Bull Racing,32.0,0 days 00:01:24.825000,MEDIUM,32.0,5.0,,
TSU,Red Bull Racing,33.0,0 days 00:01:25.190000,MEDIUM,33.0,7.0,,
TSU,Red Bull Racing,34.0,0 days 00:01:24.432000,MEDIUM,34.0,8.0,,
TSU,Red Bull Racing,35.0,0 days 00:01:25.496000,MEDIUM,35.0,9.0,,
TSU,Red Bull Racing,36.0,0 days 00:01:27.065000,MEDIUM,36.0,9.0,0 days 01:47:33.892000,
TSU,Red Bull Racing,37.0,0 days 00:01:50.334000,SOFT,1.0,15.0,,0 days 01:48:05.614000
TSU,Red Bull Racing,38.0,0 days 00:01:22.354000,SOFT,2.0,15.0,,
TSU,Red Bull Racing,39.0,0 days 00:01:21.853000,SOFT,3.0,15.0,,
TSU,Red Bull Racing,40.0,0 days 00:01:21.885000,SOFT,4.0,15.0,,
TSU,Red Bull Racing,41.0,0 days 00:01:21.853000,SOFT,5.0,15.0,,
TSU,Red Bull Racing,42.0,0 days 00:01:21.745000,SOFT,6.0,14.0,,
TSU,Red Bull Racing,43.0,0 days 00:01:21.633000,SOFT,7.0,14.0,,
TSU,Red Bull Racing,44.0,0 days 00:01:21.486000,SOFT,8.0,13.0,,
TSU,Red Bull Racing,45.0,0 days 00:01:21.880000,SOFT,9.0,13.0,,
TSU,Red Bull Racing,46.0,0 days 00:01:21.764000,SOFT,10.0,13.0,,
TSU,Red Bull Racing,47.0,0 days 00:01:22.394000,SOFT,11.0,12.0,,
TSU,Red Bull Racing,48.0,0 days 00:01:22.155000,SOFT,12.0,12.0,,
TSU,Red Bull Racing,49.0,0 days 00:01:22.258000,SOFT,13.0,12.0,,
TSU,Red Bull Racing,50.0,0 days 00:01:22.068000,SOFT,14.0,12.0,,
TSU,Red Bull Racing,51.0,0 days 00:01:22.028000,SOFT,15.0,12.0,,
TSU,Red Bull Racing,52.0,0 days 00:01:22.013000,SOFT,16.0,12.0,,
TSU,Red Bull Racing,53.0,0 days 00:01:21.977000,SOFT,17.0,12.0,,
TSU,Red Bull Racing,54.0,0 days 00:01:22.073000,SOFT,18.0,12.0,,
TSU,Red Bull Racing,55.0,0 days 00:01:22.365000,SOFT,19.0,12.0,,
TSU,Red Bull Racing,56.0,0 days 00:01:22.288000,SOFT,20.0,12.0,,
TSU,Red Bull Racing,57.0,0 days 00:01:22.230000,SOFT,21.0,12.0,,
TSU,Red Bull Racing,58.0,0 days 00:01:22.092000,SOFT,22.0,12.0,,
TSU,Red Bull Racing,59.0,0 days 00:01:22.107000,SOFT,23.0,12.0,,
TSU,Red Bull Racing,60.0,0 days 00:01:22.395000,SOFT,24.0,12.0,,
TSU,Red Bull Racing,61.0,0 days 00:01:22.191000,SOFT,25.0,12.0,,
TSU,Red Bull Racing,62.0,0 days 00:01:23.587000,SOFT,26.0,12.0,,
TSU,Red Bull Racing,63.0,0 days 00:01:22.853000,SOFT,27.0,11.0,,
TSU,Red Bull Racing,64.0,0 days 00:01:22.132000,SOFT,28.0,11.0,,
TSU,Red Bull Racing,65.0,0 days 00:01:21.704000,SOFT,29.0,11.0,,
TSU,Red Bull Racing,66.0,0 days 00:01:21.917000,SOFT,30.0,11.0,,
TSU,Red Bull Racing,67.0,0 days 00:01:21.680000,SOFT,31.0,11.0,,
TSU,Red Bull Racing,68.0,0 days 00:01:21.672000,SOFT,32.0,11.0,,
TSU,Red Bull Racing,69.0,0 days 00:01:26.739000,SOFT,33.0,11.0,,
TSU,Red Bull Racing,70.0,0 days 00:01:44.871000,SOFT,34.0,11.0,,
TSU,Red Bull Racing,71.0,0 days 00:01:21.899000,SOFT,35.0,11.0,,
ALB,Williams,1.0,0 days 00:01:35.288000,HARD,1.0,18.0,,
ALB,Williams,2.0,0 days 00:01:27.272000,HARD,2.0,17.0,,
ALB,Williams,3.0,0 days 00:01:24.528000,HARD,3.0,16.0,,
ALB,Williams,4.0,0 days 00:01:23.640000,HARD,4.0,16.0,,
ALB,Williams,5.0,0 days 00:01:24.138000,HARD,5.0,15.0,,
ALB,Williams,6.0,0 days 00:01:23.463000,HARD,6.0,15.0,,
ALB,Williams,7.0,0 days 00:01:23.573000,HARD,7.0,15.0,,
ALB,Williams,8.0,0 days 00:01:25.288000,HARD,8.0,16.0,,
ALB,Williams,9.0,0 days 00:01:24.233000,HARD,9.0,16.0,,
ALB,Williams,10.0,0 days 00:01:24.264000,HARD,10.0,16.0,,
ALB,Williams,11.0,0 days 00:01:24.141000,HARD,11.0,16.0,,
ALB,Williams,12.0,0 days 00:01:24.024000,HARD,12.0,16.0,,
ALB,Williams,13.0,0 days 00:01:24.005000,HARD,13.0,16.0,,
ALB,Williams,14.0,0 days 00:01:23.942000,HARD,14.0,16.0,,
ALB,Williams,15.0,0 days 00:01:23.719000,HARD,15.0,16.0,,
ALB,Williams,16.0,0 days 00:01:23.995000,HARD,16.0,16.0,,
ALB,Williams,17.0,0 days 00:01:24.238000,HARD,17.0,16.0,,
ALB,Williams,18.0,0 days 00:01:24.003000,HARD,18.0,15.0,,
ALB,Williams,19.0,0 days 00:01:23.654000,HARD,19.0,15.0,,
ALB,Williams,20.0,0 days 00:01:24.094000,HARD,20.0,14.0,,
ALB,Williams,21.0,0 days 00:01:23.757000,HARD,21.0,14.0,,
ALB,Williams,22.0,0 days 00:01:23.626000,HARD,22.0,14.0,,
ALB,Williams,23.0,0 days 00:01:23.926000,HARD,23.0,14.0,,
ALB,Williams,24.0,0 days 00:01:23.644000,HARD,24.0,13.0,,
ALB,Williams,25.0,0 days 00:01:23.997000,HARD,25.0,12.0,,
ALB,Williams,26.0,0 days 00:01:24.857000,HARD,26.0,13.0,,
ALB,Williams,27.0,0 days 00:01:24.721000,HARD,27.0,13.0,,
ALB,Williams,28.0,0 days 00:01:23.787000,HARD,28.0,12.0,,
ALB,Williams,29.0,0 days 00:01:24.486000,HARD,29.0,13.0,,
ALB,Williams,30.0,0 days 00:01:24.223000,HARD,30.0,13.0,,
ALB,Williams,31.0,0 days 00:01:23.667000,HARD,31.0,13.0,,
ALB,Williams,32.0,0 days 00:01:23.480000,HARD,32.0,13.0,,
ALB,Williams,33.0,0 days 00:01:23.332000,HARD,33.0,13.0,,
ALB,Williams,34.0,0 days 00:01:23.753000,HARD,34.0,13.0,,
ALB,Williams,35.0,0 days 00:01:26.855000,HARD,35.0,13.0,,
ALB,Williams,36.0,0 days 00:01:23.834000,HARD,36.0,13.0,,
ALB,Williams,37.0,0 days 00:01:23.518000,HARD,37.0,12.0,,
ALB,Williams,38.0,0 days 00:01:24.639000,HARD,38.0,12.0,,
ALB,Williams,39.0,0 days 00:01:23.406000,HARD,39.0,12.0,,
ALB,Williams,40.0,0 days 00:01:23.608000,HARD,40.0,12.0,,
ALB,Williams,41.0,0 days 00:01:26.735000,HARD,41.0,13.0,0 days 01:54:48.157000,
ALB,Williams,42.0,0 days 00:01:39.976000,SOFT,1.0,16.0,,0 days 01:55:10.196000
ALB,Williams,43.0,0 days 00:01:20.548000,SOFT,2.0,15.0,,
ALB,Williams,44.0,0 days 00:01:21.579000,SOFT,3.0,14.0,,
ALB,Williams,45.0,0 days 00:01:20.480000,SOFT,4.0,14.0,,
ALB,Williams,46.0,0 days 00:01:20.755000,SOFT,5.0,14.0,,
ALB,Williams,47.0,0 days 00:01:21.092000,SOFT,6.0,13.0,,
ALB,Williams,48.0,0 days 00:01:20.936000,SOFT,7.0,13.0,,
ALB,Williams,49.0,0 days 00:01:21.099000,SOFT,8.0,13.0,,
ALB,Williams,50.0,0 days 00:01:21.695000,SOFT,9.0,13.0,,
ALB,Williams,51.0,0 days 00:01:23.023000,SOFT,10.0,14.0,,
ALB,Williams,52.0,0 days 00:01:21.935000,SOFT,11.0,14.0,,
ALB,Williams,53.0,0 days 00:01:21.672000,SOFT,12.0,14.0,,
ALB,Williams,54.0,0 days 00:01:21.810000,SOFT,13.0,14.0,,
ALB,Williams,55.0,0 days 00:01:21.786000,SOFT,14.0,14.0,,
ALB,Williams,56.0,0 days 00:01:21.594000,SOFT,15.0,14.0,,
ALB,Williams,57.0,0 days 00:01:21.641000,SOFT,16.0,13.0,,
ALB,Williams,58.0,0 days 00:01:21.316000,SOFT,17.0,13.0,,
ALB,Williams,59.0,0 days 00:01:21.660000,SOFT,18.0,13.0,,
ALB,Williams,60.0,0 days 00:01:22.015000,SOFT,19.0,13.0,,
ALB,Williams,61.0,0 days 00:01:21.765000,SOFT,20.0,13.0,,
ALB,Williams,62.0,0 days 00:01:21.936000,SOFT,21.0,13.0,,
ALB,Williams,63.0,0 days 00:01:23.514000,SOFT,22.0,13.0,,
ALB,Williams,64.0,0 days 00:01:23.972000,SOFT,23.0,12.0,,
ALB,Williams,65.0,0 days 00:01:22.081000,SOFT,24.0,12.0,,
ALB,Williams,66.0,0 days 00:01:22.120000,SOFT,25.0,12.0,,
ALB,Williams,67.0,0 days 00:01:22.024000,SOFT,26.0,12.0,,
ALB,Williams,68.0,0 days 00:01:21.763000,SOFT,27.0,12.0,,
ALB,Williams,69.0,0 days 00:01:28.495000,SOFT,28.0,12.0,,
ALB,Williams,70.0,0 days 00:01:43.389000,SOFT,29.0,12.0,,
HUL,Kick Sauber,1.0,0 days 00:01:34.968000,SOFT,1.0,17.0,,
HUL,Kick Sauber,2.0,0 days 00:01:27.267000,SOFT,2.0,16.0,,
HUL,Kick Sauber,3.0,0 days 00:01:26.868000,SOFT,3.0,18.0,,
HUL,Kick Sauber,4.0,0 days 00:01:23.372000,SOFT,4.0,18.0,,
HUL,Kick Sauber,5.0,0 days 00:01:24.327000,SOFT,5.0,18.0,,
HUL,Kick Sauber,6.0,0 days 00:01:24.104000,SOFT,6.0,18.0,,
HUL,Kick Sauber,7.0,0 days 00:01:23.858000,SOFT,7.0,17.0,,
HUL,Kick Sauber,8.0,0 days 00:01:25.996000,SOFT,8.0,18.0,,
HUL,Kick Sauber,9.0,0 days 00:01:23.278000,SOFT,9.0,17.0,,
HUL,Kick Sauber,10.0,0 days 00:01:24.235000,SOFT,10.0,17.0,,
HUL,Kick Sauber,11.0,0 days 00:01:23.267000,SOFT,11.0,17.0,,
HUL,Kick Sauber,12.0,0 days 00:01:25.360000,SOFT,12.0,17.0,,
HUL,Kick Sauber,13.0,0 days 00:01:24.187000,SOFT,13.0,17.0,,
HUL,Kick Sauber,14.0,0 days 00:01:23.091000,SOFT,14.0,17.0,,
HUL,Kick Sauber,15.0,0 days 00:01:24.076000,SOFT,15.0,17.0,,
HUL,Kick Sauber,16.0,0 days 00:01:23.656000,SOFT,16.0,17.0,,
HUL,Kick Sauber,17.0,0 days 00:01:23.787000,SOFT,17.0,17.0,,
HUL,Kick Sauber,18.0,0 days 00:01:23.975000,SOFT,18.0,16.0,,
HUL,Kick Sauber,19.0,0 days 00:01:24.405000,SOFT,19.0,16.0,,
HUL,Kick Sauber,20.0,0 days 00:01:24.581000,SOFT,20.0,16.0,,
HUL,Kick Sauber,21.0,0 days 00:01:24.637000,SOFT,21.0,15.0,,
HUL,Kick Sauber,22.0,0 days 00:01:24.452000,SOFT,22.0,15.0,,
HUL,Kick Sauber,23.0,0 days 00:01:24.225000,SOFT,23.0,15.0,,
HUL,Kick Sauber,24.0,0 days 00:01:24.366000,SOFT,24.0,15.0,,
HUL,Kick Sauber,25.0,0 days 00:01:28.796000,SOFT,25.0,16.0,0 days 01:32:29.986000,
LAW,Racing Bulls,1.0,0 days 00:01:33.774000,SOFT,1.0,14.0,,
LAW,Racing Bulls,2.0,0 days 00:01:31.076000,SOFT,2.0,19.0,0 days 01:00:09.599000,
LAW,Racing Bulls,3.0,0 days 00:01:58.457000,HARD,1.0,20.0,,0 days 01:00:43.770000
LAW,Racing Bulls,4.0,0 days 00:01:25.124000,HARD,2.0,20.0,,
LAW,Racing Bulls,5.0,0 days 00:01:33.491000,HARD,3.0,20.0,0 days 01:05:06.760000,
OCO,Haas F1 Team,1.0,0 days 00:01:31.068000,SOFT,1.0,10.0,,
OCO,Haas F1 Team,2.0,0 days 00:01:24.048000,SOFT,2.0,10.0,,
OCO,Haas F1 Team,3.0,0 days 00:01:22.965000,SOFT,3.0,10.0,,
OCO,Haas F1 Team,4.0,0 days 00:01:23.270000,SOFT,4.0,10.0,,
OCO,Haas F1 Team,5.0,0 days 00:01:22.908000,SOFT,5.0,10.0,,
OCO,Haas F1 Team,6.0,0 days 00:01:26.077000,SOFT,6.0,10.0,,
OCO,Haas F1 Team,7.0,0 days 00:01:23.834000,SOFT,7.0,10.0,,
OCO,Haas F1 Team,8.0,0 days 00:01:23.671000,SOFT,8.0,10.0,,
OCO,Haas F1 Team,9.0,0 days 00:01:23.591000,SOFT,9.0,10.0,,
OCO,Haas F1 Team,10.0,0 days 00:01:23.680000,SOFT,10.0,10.0,,
OCO,Haas F1 Team,11.0,0 days 00:01:23.857000,SOFT,11.0,10.0,,
OCO,Haas F1 Team,12.0,0 days 00:01:23.864000,SOFT,12.0,10.0,,
OCO,Haas F1 Team,13.0,0 days 00:01:24.301000,SOFT,13.0,10.0,,
OCO,Haas F1 Team,14.0,0 days 00:01:23.676000,SOFT,14.0,10.0,,
OCO,Haas F1 Team,15.0,0 days 00:01:23.527000,SOFT,15.0,10.0,,
OCO,Haas F1 Team,16.0,0 days 00:01:24.247000,SOFT,16.0,10.0,,
OCO,Haas F1 Team,17.0,0 days 00:01:23.847000,SOFT,17.0,10.0,,
OCO,Haas F1 Team,18.0,0 days 00:01:23.963000,SOFT,18.0,10.0,,
OCO,Haas F1 Team,19.0,0 days 00:01:23.745000,SOFT,19.0,10.0,,
OCO,Haas F1 Team,20.0,0 days 00:01:23.939000,SOFT,20.0,10.0,,
OCO,Haas F1 Team,21.0,0 days 00:01:23.387000,SOFT,21.0,10.0,,
OCO,Haas F1 Team,22.0,0 days 00:01:23.874000,SOFT,22.0,10.0,,
OCO,Haas F1 Team,23.0,0 days 00:01:23.708000,SOFT,23.0,9.0,,
OCO,Haas F1 Team,24.0,0 days 00:01:23.777000,SOFT,24.0,8.0,,
OCO,Haas F1 Team,25.0,0 days 00:01:23.890000,SOFT,25.0,6.0,,
OCO,Haas F1 Team,26.0,0 days 00:01:24.011000,SOFT,26.0,5.0,,
OCO,Haas F1 Team,27.0,0 days 00:01:27.287000,SOFT,27.0,8.0,0 days 01:34:58.834000,
OCO,Haas F1 Team,28.0,0 days 00:01:41.652000,MEDIUM,1.0,14.0,,0 days 01:35:21.929000
OCO,Haas F1 Team,29.0,0 days 00:01:22.251000,MEDIUM,2.0,14.0,,
OCO,Haas F1 Team,30.0,0 days 00:01:22.425000,MEDIUM,3.0,14.0,,
OCO,Haas F1 Team,31.0,0 days 00:01:22.613000,MEDIUM,4.0,14.0,,
OCO,Haas F1 Team,32.0,0 days 00:01:22.377000,MEDIUM,5.0,14.0,,
OCO,Haas F1 Team,33.0,0 days 00:01:22.469000,MEDIUM,6.0,14.0,,
OCO,Haas F1 Team,34.0,0 days 00:01:23.363000,MEDIUM,7.0,14.0,,
OCO,Haas F1 Team,35.0,0 days 00:01:25.052000,MEDIUM,8.0,12.0,,
OCO,Haas F1 Team,36.0,0 days 00:01:23.018000,MEDIUM,9.0,12.0,,
OCO,Haas F1 Team,37.0,0 days 00:01:22.733000,MEDIUM,10.0,11.0,,
OCO,Haas F1 Team,38.0,0 days 00:01:22.664000,MEDIUM,11.0,10.0,,
OCO,Haas F1 Team,39.0,0 days 00:01:22.458000,MEDIUM,12.0,10.0,,
OCO,Haas F1 Team,40.0,0 days 00:01:22.539000,MEDIUM,13.0,10.0,,
OCO,Haas F1 Team,41.0,0 days 00:01:22.349000,MEDIUM,14.0,10.0,,
OCO,Haas F1 Team,42.0,0 days 00:01:22.381000,MEDIUM,15.0,10.0,,
OCO,Haas F1 Team,43.0,0 days 00:01:22.461000,MEDIUM,16.0,10.0,,
OCO,Haas F1 Team,44.0,0 days 00:01:22.125000,MEDIUM,17.0,10.0,,
OCO,Haas F1 Team,45.0,0 days 00:01:22.141000,MEDIUM,18.0,10.0,,
OCO,Haas F1 Team,46.0,0 days 00:01:22.127000,MEDIUM,19.0,10.0,,
OCO,Haas F1 Team,47.0,0 days 00:01:22.336000,MEDIUM,20.0,9.0,,
OCO,Haas F1 Team,48.0,0 days 00:01:22.115000,MEDIUM,21.0,6.0,,
OCO,Haas F1 Team,49.0,0 days 00:01:26.620000,MEDIUM,22.0,8.0,,
OCO,Haas F1 Team,50.0,0 days 00:01:23.666000,MEDIUM,23.0,9.0,,
OCO,Haas F1 Team,51.0,0 days 00:01:22.513000,MEDIUM,24.0,9.0,,
OCO,Haas F1 Team,52.0,0 days 00:01:22.128000,MEDIUM,25.0,9.0,,
OCO,Haas F1 Team,53.0,0 days 00:01:22.189000,MEDIUM,26.0,9.0,,
OCO,Haas F1 Team,54.0,0 days 00:01:22.304000,MEDIUM,27.0,9.0,,
OCO,Haas F1 Team,55.0,0 days 00:01:22.393000,MEDIUM,28.0,9.0,,
OCO,Haas F1 Team,56.0,0 days 00:01:22.375000,MEDIUM,29.0,9.0,,
OCO,Haas F1 Team,57.0,0 days 00:01:22.166000,MEDIUM,30.0,9.0,,
OCO,Haas F1 Team,58.0,0 days 00:01:22.048000,MEDIUM,31.0,9.0,,
OCO,Haas F1 Team,59.0,0 days 00:01:22.132000,MEDIUM,32.0,9.0,,
OCO,Haas F1 Team,60.0,0 days 00:01:22.250000,MEDIUM,33.0,9.0,,
OCO,Haas F1 Team,61.0,0 days 00:01:22.659000,MEDIUM,34.0,9.0,,
OCO,Haas F1 Team,62.0,0 days 00:01:22.709000,MEDIUM,35.0,9.0,,
OCO,Haas F1 Team,63.0,0 days 00:01:22.689000,MEDIUM,36.0,9.0,,
OCO,Haas F1 Team,64.0,0 days 00:01:22.680000,MEDIUM,37.0,9.0,,
OCO,Haas F1 Team,65.0,0 days 00:01:21.869000,MEDIUM,38.0,9.0,,
OCO,Haas F1 Team,66.0,0 days 00:01:22.213000,MEDIUM,39.0,9.0,,
OCO,Haas F1 Team,67.0,0 days 00:01:22.316000,MEDIUM,40.0,9.0,,
OCO,Haas F1 Team,68.0,0 days 00:01:22.110000,MEDIUM,41.0,9.0,,
OCO,Haas F1 Team,69.0,0 days 00:01:23.869000,MEDIUM,42.0,9.0,,
OCO,Haas F1 Team,70.0,0 days 00:01:47.816000,MEDIUM,43.0,9.0,,
OCO,Haas F1 Team,71.0,0 days 00:01:22.663000,MEDIUM,44.0,9.0,,
NOR,McLaren,1.0,0 days 00:01:24.735000,SOFT,1.0,1.0,,
NOR,McLaren,2.0,0 days 00:01:23.146000,SOFT,2.0,1.0,,
NOR,McLaren,3.0,0 days 00:01:22.588000,SOFT,3.0,1.0,,
NOR,McLaren,4.0,0 days 00:01:22.450000,SOFT,4.0,1.0,,
NOR,McLaren,5.0,0 days 00:01:22.404000,SOFT,5.0,1.0,,
NOR,McLaren,6.0,0 days 00:01:22.508000,SOFT,6.0,1.0,,
NOR,McLaren,7.0,0 days 00:01:22.560000,SOFT,7.0,1.0,,
NOR,McLaren,8.0,0 days 00:01:22.382000,SOFT,8.0,1.0,,
NOR,McLaren,9.0,0 days 00:01:22.337000,SOFT,9.0,1.0,,
NOR,McLaren,10.0,0 days 00:01:22.397000,SOFT,10.0,1.0,,
NOR,McLaren,11.0,0 days 00:01:22.449000,SOFT,11.0,1.0,,
NOR,McLaren,12.0,0 days 00:01:22.418000,SOFT,12.0,1.0,,
NOR,McLaren,13.0,0 days 00:01:22.217000,SOFT,13.0,1.0,,
NOR,McLaren,14.0,0 days 00:01:22.136000,SOFT,14.0,1.0,,
NOR,McLaren,15.0,0 days 00:01:22.076000,SOFT,15.0,1.0,,
NOR,McLaren,16.0,0 days 00:01:22.129000,SOFT,16.0,1.0,,
NOR,McLaren,17.0,0 days 00:01:22.276000,SOFT,17.0,1.0,,
NOR,McLaren,18.0,0 days 00:01:22.644000,SOFT,18.0,1.0,,
NOR,McLaren,19.0,0 days 00:01:22.405000,SOFT,19.0,1.0,,
NOR,McLaren,20.0,0 days 00:01:22.306000,SOFT,20.0,1.0,,
NOR,McLaren,21.0,0 days 00:01:22.237000,SOFT,21.0,1.0,,
NOR,McLaren,22.0,0 days 00:01:22.372000,SOFT,22.0,1.0,,
NOR,McLaren,23.0,0 days 00:01:22.713000,SOFT,23.0,1.0,,
NOR,McLaren,24.0,0 days 00:01:22.599000,SOFT,24.0,1.0,,
NOR,McLaren,25.0,0 days 00:01:22.658000,SOFT,25.0,1.0,,
NOR,McLaren,26.0,0 days 00:01:22.813000,SOFT,26.0,1.0,,
NOR,McLaren,27.0,0 days 00:01:22.952000,SOFT,27.0,1.0,,
NOR,McLaren,28.0,0 days 00:01:22.762000,SOFT,28.0,1.0,,
NOR,McLaren,29.0,0 days 00:01:22.705000,SOFT,29.0,1.0,,
NOR,McLaren,30.0,0 days 00:01:22.793000,SOFT,30.0,1.0,,
NOR,McLaren,31.0,0 days 00:01:23.121000,SOFT,31.0,1.0,,
NOR,McLaren,32.0,0 days 00:01:23.228000,SOFT,32.0,1.0,,
NOR,McLaren,33.0,0 days 00:01:23.304000,SOFT,33.0,1.0,,
NOR,McLaren,34.0,0 days 00:01:26.035000,SOFT,34.0,1.0,0 days 01:43:57.572000,
NOR,McLaren,35.0,0 days 00:01:41.386000,MEDIUM,1.0,1.0,,0 days 01:44:20.100000
NOR,McLaren,36.0,0 days 00:01:22.205000,MEDIUM,2.0,1.0,,
NOR,McLaren,37.0,0 days 00:01:21.999000,MEDIUM,3.0,1.0,,
NOR,McLaren,38.0,0 days 00:01:20.864000,MEDIUM,4.0,1.0,,
NOR,McLaren,39.0,0 days 00:01:21.588000,MEDIUM,5.0,1.0,,
NOR,McLaren,40.0,0 days 00:01:21.523000,MEDIUM,6.0,1.0,,
NOR,McLaren,41.0,0 days 00:01:21.694000,MEDIUM,7.0,1.0,,
NOR,McLaren,42.0,0 days 00:01:21.487000,MEDIUM,8.0,1.0,,
NOR,McLaren,43.0,0 days 00:01:21.531000,MEDIUM,9.0,1.0,,
NOR,McLaren,44.0,0 days 00:01:21.553000,MEDIUM,10.0,1.0,,
NOR,McLaren,45.0,0 days 00:01:20.764000,MEDIUM,11.0,1.0,,
NOR,McLaren,46.0,0 days 00:01:21.260000,MEDIUM,12.0,1.0,,
NOR,McLaren,47.0,0 days 00:01:21.248000,MEDIUM,13.0,1.0,,
NOR,McLaren,48.0,0 days 00:01:21.568000,MEDIUM,14.0,1.0,,
NOR,McLaren,49.0,0 days 00:01:21.182000,MEDIUM,15.0,1.0,,
NOR,McLaren,50.0,0 days 00:01:21.448000,MEDIUM,16.0,1.0,,
NOR,McLaren,51.0,0 days 00:01:21.380000,MEDIUM,17.0,1.0,,
NOR,McLaren,52.0,0 days 00:01:21.096000,MEDIUM,18.0,1.0,,
NOR,McLaren,53.0,0 days 00:01:21.264000,MEDIUM,19.0,1.0,,
NOR,McLaren,54.0,0 days 00:01:21.294000,MEDIUM,20.0,1.0,,
NOR,McLaren,55.0,0 days 00:01:21.613000,MEDIUM,21.0,1.0,,
NOR,McLaren,56.0,0 days 00:01:21.690000,MEDIUM,22.0,1.0,,
NOR,McLaren,57.0,0 days 00:01:21.383000,MEDIUM,23.0,1.0,,
NOR,McLaren,58.0,0 days 00:01:21.781000,MEDIUM,24.0,1.0,,
NOR,McLaren,59.0,0 days 00:01:21.515000,MEDIUM,25.0,1.0,,
NOR,McLaren,60.0,0 days 00:01:21.588000,MEDIUM,26.0,1.0,,
NOR,McLaren,61.0,0 days 00:01:21.786000,MEDIUM,27.0,1.0,,
NOR,McLaren,62.0,0 days 00:01:21.714000,MEDIUM,28.0,1.0,,
NOR,McLaren,63.0,0 days 00:01:21.861000,MEDIUM,29.0,1.0,,
NOR,McLaren,64.0,0 days 00:01:22.062000,MEDIUM,30.0,1.0,,
NOR,McLaren,65.0,0 days 00:01:22.150000,MEDIUM,31.0,1.0,,
NOR,McLaren,66.0,0 days 00:01:21.311000,MEDIUM,32.0,1.0,,
NOR,McLaren,67.0,0 days 00:01:21.600000,MEDIUM,33.0,1.0,,
NOR,McLaren,68.0,0 days 00:01:21.507000,MEDIUM,34.0,1.0,,
NOR,McLaren,69.0,0 days 00:01:21.620000,MEDIUM,35.0,1.0,,
NOR,McLaren,70.0,0 days 00:01:29.224000,MEDIUM,36.0,1.0,,
NOR,McLaren,71.0,0 days 00:01:42.980000,MEDIUM,37.0,1.0,,
COL,Alpine,1.0,0 days 00:01:39.953000,HARD,1.0,20.0,,
COL,Alpine,2.0,0 days 00:01:25.444000,HARD,2.0,20.0,,
COL,Alpine,3.0,0 days 00:01:24.900000,HARD,3.0,19.0,,
COL,Alpine,4.0,0 days 00:01:24.568000,HARD,4.0,19.0,,
COL,Alpine,5.0,0 days 00:01:24.905000,HARD,5.0,19.0,,
COL,Alpine,6.0,0 days 00:01:24.697000,HARD,6.0,19.0,,
COL,Alpine,7.0,0 days 00:01:24.768000,HARD,7.0,19.0,,
COL,Alpine,8.0,0 days 00:01:24.644000,HARD,8.0,19.0,,
COL,Alpine,9.0,0 days 00:01:24.397000,HARD,9.0,19.0,,
COL,Alpine,10.0,0 days 00:01:24.448000,HARD,10.0,19.0,,
COL,Alpine,11.0,0 days 00:01:24.354000,HARD,11.0,19.0,,
COL,Alpine,12.0,0 days 00:01:24.336000,HARD,12.0,19.0,,
COL,Alpine,13.0,0 days 00:01:24.246000,HARD,13.0,19.0,,
COL,Alpine,14.0,0 days 00:01:24.399000,HARD,14.0,19.0,,
COL,Alpine,15.0,0 days 00:01:24.691000,HARD,15.0,19.0,,
COL,Alpine,16.0,0 days 00:01:24.391000,HARD,16.0,19.0,,
COL,Alpine,17.0,0 days 00:01:24.607000,HARD,17.0,19.0,,
COL,Alpine,18.0,0 days 00:01:24.416000,HARD,18.0,18.0,,
COL,Alpine,19.0,0 days 00:01:24.765000,HARD,19.0,18.0,,
COL,Alpine,20.0,0 days 00:01:24.503000,HARD,20.0,18.0,,
COL,Alpine,21.0,0 days 00:01:25.122000,HARD,21.0,18.0,,
COL,Alpine,22.0,0 days 00:01:24.430000,HARD,22.0,18.0,,
COL,Alpine,23.0,0 days 00:01:24.338000,HARD,23.0,18.0,,
COL,Alpine,24.0,0 days 00:01:24.344000,HARD,24.0,18.0,,
COL,Alpine,25.0,0 days 00:01:24.533000,HARD,25.0,18.0,,
COL,Alpine,26.0,0 days 00:01:25.382000,HARD,26.0,18.0,,
COL,Alpine,27.0,0 days 00:01:24.407000,HARD,27.0,17.0,,
COL,Alpine,28.0,0 days 00:01:24.671000,HARD,28.0,18.0,,
COL,Alpine,29.0,0 days 00:01:24.188000,HARD,29.0,18.0,,
COL,Alpine,30.0,0 days 00:01:24.364000,HARD,30.0,18.0,,
COL,Alpine,31.0,0 days 00:01:24.383000,HARD,31.0,18.0,,
COL,Alpine,32.0,0 days 00:01:24.606000,HARD,32.0,18.0,,
COL,Alpine,33.0,0 days 00:01:24.683000,HARD,33.0,17.0,,
COL,Alpine,34.0,0 days 00:01:23.590000,HARD,34.0,17.0,,
COL,Alpine,35.0,0 days 00:01:24.271000,HARD,35.0,16.0,,
COL,Alpine,36.0,0 days 00:01:24.082000,HARD,36.0,16.0,,
COL,Alpine,37.0,0 days 00:01:24.323000,HARD,37.0,16.0,,
COL,Alpine,38.0,0 days 00:01:24.149000,HARD,38.0,16.0,,
COL,Alpine,39.0,0 days 00:01:23.752000,HARD,39.0,16.0,,
COL,Alpine,40.0,0 days 00:01:23.994000,HARD,40.0,16.0,,
COL,Alpine,41.0,0 days 00:01:24.202000,HARD,41.0,16.0,,
COL,Alpine,42.0,0 days 00:01:24.066000,HARD,42.0,15.0,,
COL,Alpine,43.0,0 days 00:01:24.918000,HARD,43.0,16.0,,
COL,Alpine,44.0,0 days 00:01:24.759000,HARD,44.0,16.0,,
COL,Alpine,45.0,0 days 00:01:23.983000,HARD,45.0,16.0,,
COL,Alpine,46.0,0 days 00:01:23.913000,HARD,46.0,16.0,,
COL,Alpine,47.0,0 days 00:01:24.132000,HARD,47.0,16.0,,
COL,Alpine,48.0,0 days 00:01:27.326000,HARD,48.0,17.0,0 days 02:04:57.095000,
COL,Alpine,49.0,0 days 00:01:41.918000,SOFT,1.0,17.0,,0 days 02:05:19.906000
COL,Alpine,50.0,0 days 00:01:21.342000,SOFT,2.0,17.0,,
COL,Alpine,51.0,0 days 00:01:21.565000,SOFT,3.0,17.0,,
COL,Alpine,52.0,0 days 00:01:21.650000,SOFT,4.0,17.0,,
COL,Alpine,53.0,0 days 00:01:21.829000,SOFT,5.0,17.0,,
COL,Alpine,54.0,0 days 00:01:21.746000,SOFT,6.0,17.0,,
COL,Alpine,55.0,0 days 00:01:21.659000,SOFT,7.0,17.0,,
COL,Alpine,56.0,0 days 00:01:21.919000,SOFT,8.0,17.0,,
COL,Alpine,57.0,0 days 00:01:21.574000,SOFT,9.0,17.0,,
COL,Alpine,58.0,0 days 00:01:21.824000,SOFT,10.0,17.0,,
COL,Alpine,59.0,0 days 00:01:21.617000,SOFT,11.0,17.0,,
COL,Alpine,60.0,0 days 00:01:21.757000,SOFT,12.0,17.0,,
COL,Alpine,61.0,0 days 00:01:21.739000,SOFT,13.0,17.0,,
COL,Alpine,62.0,0 days 00:01:21.792000,SOFT,14.0,17.0,,
COL,Alpine,63.0,0 days 00:01:21.922000,SOFT,15.0,17.0,,
COL,Alpine,64.0,0 days 00:01:21.682000,SOFT,16.0,17.0,,
COL,Alpine,65.0,0 days 00:01:21.791000,SOFT,17.0,17.0,,
COL,Alpine,66.0,0 days 00:01:22.180000,SOFT,18.0,17.0,,
COL,Alpine,67.0,0 days 00:01:22.501000,SOFT,19.0,17.0,,
COL,Alpine,68.0,0 days 00:01:25.460000,SOFT,20.0,16.0,,
COL,Alpine,69.0,0 days 00:01:43.373000,SOFT,21.0,16.0,,
COL,Alpine,70.0,0 days 00:01:27.767000,SOFT,22.0,16.0,,
HAM,Ferrari,1.0,0 days 00:01:27.187000,SOFT,4.0,3.0,,
HAM,Ferrari,2.0,0 days 00:01:23.366000,SOFT,5.0,3.0,,
HAM,Ferrari,3.0,0 days 00:01:22.793000,SOFT,6.0,3.0,,
HAM,Ferrari,4.0,0 days 00:01:22.546000,SOFT,7.0,3.0,,
HAM,Ferrari,5.0,0 days 00:01:22.781000,SOFT,8.0,3.0,,
HAM,Ferrari,6.0,0 days 00:01:25.860000,SOFT,9.0,3.0,,
HAM,Ferrari,7.0,0 days 00:01:23.138000,SOFT,10.0,3.0,,
HAM,Ferrari,8.0,0 days 00:01:22.672000,SOFT,11.0,3.0,,
HAM,Ferrari,9.0,0 days 00:01:22.820000,SOFT,12.0,3.0,,
HAM,Ferrari,10.0,0 days 00:01:22.642000,SOFT,13.0,3.0,,
HAM,Ferrari,11.0,0 days 00:01:23.227000,SOFT,14.0,3.0,,
HAM,Ferrari,12.0,0 days 00:01:22.549000,SOFT,15.0,3.0,,
HAM,Ferrari,13.0,0 days 00:01:22.691000,SOFT,16.0,3.0,,
HAM,Ferrari,14.0,0 days 00:01:22.549000,SOFT,17.0,3.0,,
HAM,Ferrari,15.0,0 days 00:01:22.776000,SOFT,18.0,3.0,,
HAM,Ferrari,16.0,0 days 00:01:23.110000,SOFT,19.0,3.0,,
HAM,Ferrari,17.0,0 days 00:01:23.022000,SOFT,20.0,3.0,,
HAM,Ferrari,18.0,0 days 00:01:23.934000,SOFT,21.0,3.0,,
HAM,Ferrari,19.0,0 days 00:01:23.161000,SOFT,22.0,3.0,,
HAM,Ferrari,20.0,0 days 00:01:23.680000,SOFT,23.0,3.0,,
HAM,Ferrari,21.0,0 days 00:01:23.135000,SOFT,24.0,3.0,,
HAM,Ferrari,22.0,0 days 00:01:23.373000,SOFT,25.0,3.0,,
HAM,Ferrari,23.0,0 days 00:01:28.985000,SOFT,26.0,4.0,0 days 01:29:06.780000,
HAM,Ferrari,24.0,0 days 00:01:51.914000,MEDIUM,1.0,14.0,,0 days 01:29:40.174000
HAM,Ferrari,25.0,0 days 00:01:21.961000,MEDIUM,2.0,14.0,,
HAM,Ferrari,26.0,0 days 00:01:23.645000,MEDIUM,3.0,14.0,,
HAM,Ferrari,27.0,0 days 00:01:21.896000,MEDIUM,4.0,12.0,,
HAM,Ferrari,28.0,0 days 00:01:21.711000,MEDIUM,5.0,11.0,,
HAM,Ferrari,29.0,0 days 00:01:22.380000,MEDIUM,6.0,11.0,,
HAM,Ferrari,30.0,0 days 00:01:22.134000,MEDIUM,7.0,10.0,,
HAM,Ferrari,31.0,0 days 00:01:21.994000,MEDIUM,8.0,9.0,,
HAM,Ferrari,32.0,0 days 00:01:22.267000,MEDIUM,9.0,9.0,,
HAM,Ferrari,33.0,0 days 00:01:21.999000,MEDIUM,10.0,9.0,,
HAM,Ferrari,34.0,0 days 00:01:23.203000,MEDIUM,11.0,9.0,,
HAM,Ferrari,35.0,0 days 00:01:23.018000,MEDIUM,12.0,8.0,,
HAM,Ferrari,36.0,0 days 00:01:22.488000,MEDIUM,13.0,8.0,,
HAM,Ferrari,37.0,0 days 00:01:22.300000,MEDIUM,14.0,8.0,,
HAM,Ferrari,38.0,0 days 00:01:22.703000,MEDIUM,15.0,7.0,,
HAM,Ferrari,39.0,0 days 00:01:22.447000,MEDIUM,16.0,7.0,,
HAM,Ferrari,40.0,0 days 00:01:22.253000,MEDIUM,17.0,7.0,,
HAM,Ferrari,41.0,0 days 00:01:22.459000,MEDIUM,18.0,7.0,,
HAM,Ferrari,42.0,0 days 00:01:22.288000,MEDIUM,19.0,7.0,,
HAM,Ferrari,43.0,0 days 00:01:22.132000,MEDIUM,20.0,7.0,,
HAM,Ferrari,44.0,0 days 00:01:22.179000,MEDIUM,21.0,7.0,,
HAM,Ferrari,45.0,0 days 00:01:22.350000,MEDIUM,22.0,7.0,,
HAM,Ferrari,46.0,0 days 00:01:22.363000,MEDIUM,23.0,7.0,,
HAM,Ferrari,47.0,0 days 00:01:26.636000,MEDIUM,24.0,8.0,0 days 02:02:37.399000,
HAM,Ferrari,48.0,0 days 00:01:41.158000,SOFT,4.0,9.0,,0 days 02:03:00.797000
HAM,Ferrari,49.0,0 days 00:01:20.726000,SOFT,5.0,9.0,,
HAM,Ferrari,50.0,0 days 00:01:20.601000,SOFT,6.0,8.0,,
HAM,Ferrari,51.0,0 days 00:01:20.930000,SOFT,7.0,8.0,,
HAM,Ferrari,52.0,0 days 00:01:20.813000,SOFT,8.0,8.0,,
HAM,Ferrari,53.0,0 days 00:01:20.941000,SOFT,9.0,8.0,,
HAM,Ferrari,54.0,0 days 00:01:21.071000,SOFT,10.0,8.0,,
HAM,Ferrari,55.0,0 days 00:01:21.315000,SOFT,11.0,8.0,,
HAM,Ferrari,56.0,0 days 00:01:22.144000,SOFT,12.0,8.0,,
HAM,Ferrari,57.0,0 days 00:01:21.075000,SOFT,13.0,8.0,,
HAM,Ferrari,58.0,0 days 00:01:21.045000,SOFT,14.0,8.0,,
HAM,Ferrari,59.0,0 days 00:01:21.067000,SOFT,15.0,8.0,,
HAM,Ferrari,60.0,0 days 00:01:21.426000,SOFT,16.0,8.0,,
HAM,Ferrari,61.0,0 days 00:01:21.042000,SOFT,17.0,8.0,,
HAM,Ferrari,62.0,0 days 00:01:23.139000,SOFT,18.0,8.0,,
HAM,Ferrari,63.0,0 days 00:01:21.637000,SOFT,19.0,8.0,,
HAM,Ferrari,64.0,0 days 00:01:22.106000,SOFT,20.0,8.0,,
HAM,Ferrari,65.0,0 days 00:01:21.873000,SOFT,21.0,8.0,,
HAM,Ferrari,66.0,0 days 00:01:21.500000,SOFT,22.0,8.0,,
HAM,Ferrari,67.0,0 days 00:01:21.835000,SOFT,23.0,8.0,,
HAM,Ferrari,68.0,0 days 00:01:21.453000,SOFT,24.0,8.0,,
HAM,Ferrari,69.0,0 days 00:01:22.002000,SOFT,25.0,8.0,,
HAM,Ferrari,70.0,0 days 00:01:44.587000,SOFT,26.0,8.0,,
HAM,Ferrari,71.0,0 days 00:01:26.817000,SOFT,27.0,8.0,,
BOR,Kick Sauber,1.0,0 days 00:01:32.601000,MEDIUM,1.0,13.0,,
BOR,Kick Sauber,2.0,0 days 00:01:24.590000,MEDIUM,2.0,13.0,,
BOR,Kick Sauber,3.0,0 days 00:01:24.117000,MEDIUM,3.0,13.0,,
BOR,Kick Sauber,4.0,0 days 00:01:23.455000,MEDIUM,4.0,13.0,,
BOR,Kick Sauber,5.0,0 days 00:01:23.231000,MEDIUM,5.0,13.0,,
BOR,Kick Sauber,6.0,0 days 00:01:24.252000,MEDIUM,6.0,13.0,,
BOR,Kick Sauber,7.0,0 days 00:01:24.218000,MEDIUM,7.0,13.0,,
BOR,Kick Sauber,8.0,0 days 00:01:24.142000,MEDIUM,8.0,13.0,,
BOR,Kick Sauber,9.0,0 days 00:01:23.616000,MEDIUM,9.0,12.0,,
BOR,Kick Sauber,10.0,0 days 00:01:24.003000,MEDIUM,10.0,12.0,,
BOR,Kick Sauber,11.0,0 days 00:01:23.966000,MEDIUM,11.0,12.0,,
BOR,Kick Sauber,12.0,0 days 00:01:23.606000,MEDIUM,12.0,12.0,,
BOR,Kick Sauber,13.0,0 days 00:01:23.988000,MEDIUM,13.0,12.0,,
BOR,Kick Sauber,14.0,0 days 00:01:24.120000,MEDIUM,14.0,12.0,,
BOR,Kick Sauber,15.0,0 days 00:01:23.840000,MEDIUM,15.0,12.0,,
BOR,Kick Sauber,16.0,0 days 00:01:23.877000,MEDIUM,16.0,12.0,,
BOR,Kick Sauber,17.0,0 days 00:01:23.730000,MEDIUM,17.0,12.0,,
BOR,Kick Sauber,18.0,0 days 00:01:24.329000,MEDIUM,18.0,12.0,,
BOR,Kick Sauber,19.0,0 days 00:01:24.184000,MEDIUM,19.0,12.0,,
BOR,Kick Sauber,20.0,0 days 00:01:24.085000,MEDIUM,20.0,12.0,,
BOR,Kick Sauber,21.0,0 days 00:01:24.072000,MEDIUM,21.0,12.0,,
BOR,Kick Sauber,22.0,0 days 00:01:23.668000,MEDIUM,22.0,12.0,,
BOR,Kick Sauber,23.0,0 days 00:01:23.707000,MEDIUM,23.0,11.0,,
BOR,Kick Sauber,24.0,0 days 00:01:24.065000,MEDIUM,24.0,10.0,,
BOR,Kick Sauber,25.0,0 days 00:01:24.063000,MEDIUM,25.0,8.0,,
BOR,Kick Sauber,26.0,0 days 00:01:25.412000,MEDIUM,26.0,9.0,,
BOR,Kick Sauber,27.0,0 days 00:01:23.931000,MEDIUM,27.0,9.0,,
BOR,Kick Sauber,28.0,0 days 00:01:24.247000,MEDIUM,28.0,9.0,,
BOR,Kick Sauber,29.0,0 days 00:01:23.949000,MEDIUM,29.0,10.0,,
BOR,Kick Sauber,30.0,0 days 00:01:24.328000,MEDIUM,30.0,11.0,,
BOR,Kick Sauber,31.0,0 days 00:01:23.870000,MEDIUM,31.0,11.0,,
BOR,Kick Sauber,32.0,0 days 00:01:24.026000,MEDIUM,32.0,11.0,,
BOR,Kick Sauber,33.0,0 days 00:01:23.679000,MEDIUM,33.0,11.0,,
BOR,Kick Sauber,34.0,0 days 00:01:24.079000,MEDIUM,34.0,10.0,,
BOR,Kick Sauber,35.0,0 days 00:01:23.329000,MEDIUM,35.0,10.0,,
BOR,Kick Sauber,36.0,0 days 00:01:25.154000,MEDIUM,36.0,11.0,,
BOR,Kick Sauber,37.0,0 days 00:01:26.807000,MEDIUM,37.0,10.0,0 days 01:49:05.145000,
BOR,Kick Sauber,38.0,0 days 00:01:39.563000,SOFT,1.0,14.0,,0 days 01:49:27.433000
BOR,Kick Sauber,39.0,0 days 00:01:21.121000,SOFT,2.0,14.0,,
BOR,Kick Sauber,40.0,0 days 00:01:21.407000,SOFT,3.0,14.0,,
BOR,Kick Sauber,41.0,0 days 00:01:21.452000,SOFT,4.0,14.0,,
BOR,Kick Sauber,42.0,0 days 00:01:21.471000,SOFT,5.0,13.0,,
BOR,Kick Sauber,43.0,0 days 00:01:21.454000,SOFT,6.0,13.0,,
BOR,Kick Sauber,44.0,0 days 00:01:21.359000,SOFT,7.0,12.0,,
BOR,Kick Sauber,45.0,0 days 00:01:21.491000,SOFT,8.0,12.0,,
BOR,Kick Sauber,46.0,0 days 00:01:22.057000,SOFT,9.0,12.0,,
BOR,Kick Sauber,47.0,0 days 00:01:21.829000,SOFT,10.0,11.0,,
BOR,Kick Sauber,48.0,0 days 00:01:22.593000,SOFT,11.0,11.0,,
BOR,Kick Sauber,49.0,0 days 00:01:23.880000,SOFT,12.0,11.0,,
BOR,Kick Sauber,50.0,0 days 00:01:22.154000,SOFT,13.0,11.0,,
BOR,Kick Sauber,51.0,0 days 00:01:22.037000,SOFT,14.0,11.0,,
BOR,Kick Sauber,52.0,0 days 00:01:22.083000,SOFT,15.0,11.0,,
BOR,Kick Sauber,53.0,0 days 00:01:22.212000,SOFT,16.0,11.0,,
BOR,Kick Sauber,54.0,0 days 00:01:21.939000,SOFT,17.0,11.0,,
BOR,Kick Sauber,55.0,0 days 00:01:22.732000,SOFT,18.0,11.0,,
BOR,Kick Sauber,56.0,0 days 00:01:22.357000,SOFT,19.0,11.0,,
BOR,Kick Sauber,57.0,0 days 00:01:22.127000,SOFT,20.0,11.0,,
BOR,Kick Sauber,58.0,0 days 00:01:22.006000,SOFT,21.0,11.0,,
BOR,Kick Sauber,59.0,0 days 00:01:22.148000,SOFT,22.0,11.0,,
BOR,Kick Sauber,60.0,0 days 00:01:22.693000,SOFT,23.0,11.0,,
BOR,Kick Sauber,61.0,0 days 00:01:22.344000,SOFT,24.0,11.0,,
BOR,Kick Sauber,62.0,0 days 00:01:23.326000,SOFT,25.0,10.0,,
BOR,Kick Sauber,63.0,0 days 00:01:22.469000,SOFT,26.0,10.0,,
BOR,Kick Sauber,64.0,0 days 00:01:22.004000,SOFT,27.0,10.0,,
BOR,Kick Sauber,65.0,0 days 00:01:21.619000,SOFT,28.0,10.0,,
BOR,Kick Sauber,66.0,0 days 00:01:21.888000,SOFT,29.0,10.0,,
BOR,Kick Sauber,67.0,0 days 00:01:21.921000,SOFT,30.0,10.0,,
BOR,Kick Sauber,68.0,0 days 00:01:22.034000,SOFT,31.0,10.0,,
BOR,Kick Sauber,69.0,0 days 00:01:24.679000,SOFT,32.0,10.0,,
BOR,Kick Sauber,70.0,0 days 00:01:46.312000,SOFT,33.0,10.0,,
BOR,Kick Sauber,71.0,0 days 00:01:22.340000,SOFT,34.0,10.0,,
SAI,Williams,1.0,0 days 00:01:32.118000,MEDIUM,1.0,12.0,,
SAI,Williams,2.0,0 days 00:01:24.285000,MEDIUM,2.0,12.0,,
SAI,Williams,3.0,0 days 00:01:23.406000,MEDIUM,3.0,12.0,,
SAI,Williams,4.0,0 days 00:01:23.322000,MEDIUM,4.0,12.0,,
SAI,Williams,5.0,0 days 00:01:23.372000,MEDIUM,5.0,12.0,,
SAI,Williams,6.0,0 days 00:01:24.663000,MEDIUM,6.0,12.0,,
SAI,Williams,7.0,0 days 00:01:24.491000,MEDIUM,7.0,12.0,,
SAI,Williams,8.0,0 days 00:01:24.488000,MEDIUM,8.0,12.0,,
SAI,Williams,9.0,0 days 00:01:24.993000,MEDIUM,9.0,13.0,,
SAI,Williams,10.0,0 days 00:01:23.855000,MEDIUM,10.0,13.0,,
SAI,Williams,11.0,0 days 00:01:24.336000,MEDIUM,11.0,13.0,,
SAI,Williams,12.0,0 days 00:01:24.222000,MEDIUM,12.0,13.0,,
SAI,Williams,13.0,0 days 00:01:24.027000,MEDIUM,13.0,13.0,,
SAI,Williams,14.0,0 days 00:01:24.085000,MEDIUM,14.0,13.0,,
SAI,Williams,15.0,0 days 00:01:24.097000,MEDIUM,15.0,13.0,,
SAI,Williams,16.0,0 days 00:01:24.149000,MEDIUM,16.0,13.0,,
SAI,Williams,17.0,0 days 00:01:27.173000,MEDIUM,17.0,15.0,0 days 01:21:05.899000,
SAI,Williams,18.0,0 days 00:01:42.516000,SOFT,4.0,19.0,,0 days 01:21:28.416000
SAI,Williams,19.0,0 days 00:01:21.690000,SOFT,5.0,19.0,,
SAI,Williams,20.0,0 days 00:01:22.580000,SOFT,6.0,19.0,,
SAI,Williams,21.0,0 days 00:01:21.821000,SOFT,7.0,17.0,,
SAI,Williams,22.0,0 days 00:01:22.713000,SOFT,8.0,16.0,,
SAI,Williams,23.0,0 days 00:01:22.262000,SOFT,9.0,16.0,,
SAI,Williams,24.0,0 days 00:01:22.603000,SOFT,10.0,16.0,,
SAI,Williams,25.0,0 days 00:01:22.295000,SOFT,11.0,15.0,,
SAI,Williams,26.0,0 days 00:01:22.913000,SOFT,12.0,15.0,,
SAI,Williams,27.0,0 days 00:01:22.733000,SOFT,13.0,14.0,,
SAI,Williams,28.0,0 days 00:01:23.053000,SOFT,14.0,13.0,,
SAI,Williams,29.0,0 days 00:01:22.569000,SOFT,15.0,12.0,,
SAI,Williams,30.0,0 days 00:01:22.893000,SOFT,16.0,12.0,,
SAI,Williams,31.0,0 days 00:01:22.875000,SOFT,17.0,12.0,,
SAI,Williams,32.0,0 days 00:01:22.622000,SOFT,18.0,12.0,,
SAI,Williams,33.0,0 days 00:01:22.679000,SOFT,19.0,12.0,,
SAI,Williams,34.0,0 days 00:01:23.752000,SOFT,20.0,11.0,,
SAI,Williams,35.0,0 days 00:01:23.360000,SOFT,21.0,11.0,,
SAI,Williams,36.0,0 days 00:01:22.873000,SOFT,22.0,10.0,,
SAI,Williams,37.0,0 days 00:01:22.830000,SOFT,23.0,9.0,,
SAI,Williams,38.0,0 days 00:01:23.162000,SOFT,24.0,9.0,,
SAI,Williams,39.0,0 days 00:01:22.869000,SOFT,25.0,9.0,,
SAI,Williams,40.0,0 days 00:01:22.796000,SOFT,26.0,9.0,,
SAI,Williams,41.0,0 days 00:01:22.907000,SOFT,27.0,9.0,,
SAI,Williams,42.0,0 days 00:01:22.412000,SOFT,28.0,9.0,,
SAI,Williams,43.0,0 days 00:01:22.186000,SOFT,29.0,9.0,,
SAI,Williams,44.0,0 days 00:01:21.960000,SOFT,30.0,9.0,,
SAI,Williams,45.0,0 days 00:01:22.711000,SOFT,31.0,9.0,,
SAI,Williams,46.0,0 days 00:01:26.002000,SOFT,32.0,9.0,0 days 02:01:26.279000,
SAI,Williams,47.0,0 days 00:01:47.799000,SOFT,4.0,14.0,,0 days 02:01:56.702000
SAI,Williams,48.0,0 days 00:01:20.098000,SOFT,5.0,14.0,,
SAI,Williams,49.0,0 days 00:01:20.851000,SOFT,6.0,14.0,,
SAI,Williams,50.0,0 days 00:01:21.630000,SOFT,7.0,14.0,,
SAI,Williams,51.0,0 days 00:01:21.150000,SOFT,8.0,13.0,,
SAI,Williams,52.0,0 days 00:01:20.911000,SOFT,9.0,13.0,,
SAI,Williams,53.0,0 days 00:01:20.984000,SOFT,10.0,13.0,,
SAI,Williams,54.0,0 days 00:01:20.950000,SOFT,11.0,13.0,,
SAI,Williams,55.0,0 days 00:01:21.337000,SOFT,12.0,13.0,,
SAI,Williams,56.0,0 days 00:01:25.116000,SOFT,13.0,13.0,0 days 02:15:27.048000,
SAI,Williams,57.0,0 days 00:01:36.053000,SOFT,14.0,15.0,,0 days 02:15:44.933000
SAI,Williams,58.0,0 days 00:01:21.243000,SOFT,15.0,15.0,,
SAI,Williams,59.0,0 days 00:01:21.145000,SOFT,16.0,15.0,,
SAI,Williams,60.0,0 days 00:01:21.576000,SOFT,17.0,15.0,,
SAI,Williams,61.0,0 days 00:01:21.518000,SOFT,18.0,15.0,,
SAI,Williams,62.0,0 days 00:01:21.633000,SOFT,19.0,15.0,,
SAI,Williams,63.0,0 days 00:01:21.436000,SOFT,20.0,15.0,,
SAI,Williams,64.0,0 days 00:01:21.596000,SOFT,21.0,15.0,,
SAI,Williams,65.0,0 days 00:01:21.578000,SOFT,22.0,15.0,,
SAI,Williams,66.0,0 days 00:01:22.169000,SOFT,23.0,15.0,,
SAI,Williams,67.0,0 days 00:01:21.640000,SOFT,24.0,15.0,,
SAI,Williams,68.0,,SOFT,25.0,,,
HAD,Racing Bulls,1.0,0 days 00:01:31.619000,MEDIUM,1.0,11.0,,
HAD,Racing Bulls,2.0,0 days 00:01:24.042000,MEDIUM,2.0,11.0,,
HAD,Racing Bulls,3.0,0 days 00:01:23.153000,MEDIUM,3.0,11.0,,
HAD,Racing Bulls,4.0,0 days 00:01:23.180000,MEDIUM,4.0,11.0,,
HAD,Racing Bulls,5.0,0 days 00:01:22.974000,MEDIUM,5.0,11.0,,
HAD,Racing Bulls,6.0,0 days 00:01:25.743000,MEDIUM,6.0,11.0,,
HAD,Racing Bulls,7.0,0 days 00:01:24.215000,MEDIUM,7.0,11.0,,
HAD,Racing Bulls,8.0,0 days 00:01:23.702000,MEDIUM,8.0,11.0,,
HAD,Racing Bulls,9.0,0 days 00:01:23.842000,MEDIUM,9.0,11.0,,
HAD,Racing Bulls,10.0,0 days 00:01:24.184000,MEDIUM,10.0,11.0,,
HAD,Racing Bulls,11.0,0 days 00:01:24.006000,MEDIUM,11.0,11.0,,
HAD,Racing Bulls,12.0,0 days 00:01:23.843000,MEDIUM,12.0,11.0,,
HAD,Racing Bulls,13.0,0 days 00:01:24.075000,MEDIUM,13.0,11.0,,
HAD,Racing Bulls,14.0,0 days 00:01:24.058000,MEDIUM,14.0,11.0,,
HAD,Racing Bulls,15.0,0 days 00:01:24.081000,MEDIUM,15.0,11.0,,
HAD,Racing Bulls,16.0,0 days 00:01:24.004000,MEDIUM,16.0,11.0,,
HAD,Racing Bulls,17.0,0 days 00:01:23.781000,MEDIUM,17.0,11.0,,
HAD,Racing Bulls,18.0,0 days 00:01:23.932000,MEDIUM,18.0,11.0,,
HAD,Racing Bulls,19.0,0 days 00:01:23.838000,MEDIUM,19.0,11.0,,
HAD,Racing Bulls,20.0,0 days 00:01:23.941000,MEDIUM,20.0,11.0,,
HAD,Racing Bulls,21.0,0 days 00:01:23.656000,MEDIUM,21.0,11.0,,
HAD,Racing Bulls,22.0,0 days 00:01:23.654000,MEDIUM,22.0,11.0,,
HAD,Racing Bulls,23.0,0 days 00:01:23.710000,MEDIUM,23.0,10.0,,
HAD,Racing Bulls,24.0,0 days 00:01:23.849000,MEDIUM,24.0,9.0,,
HAD,Racing Bulls,25.0,0 days 00:01:23.877000,MEDIUM,25.0,7.0,,
HAD,Racing Bulls,26.0,0 days 00:01:24.026000,MEDIUM,26.0,6.0,,
HAD,Racing Bulls,27.0,0 days 00:01:24.115000,MEDIUM,27.0,5.0,,
HAD,Racing Bulls,28.0,0 days 00:01:24.890000,MEDIUM,28.0,7.0,,
HAD,Racing Bulls,29.0,0 days 00:01:24.850000,MEDIUM,29.0,8.0,,
HAD,Racing Bulls,30.0,0 days 00:01:24.321000,MEDIUM,30.0,9.0,,
HAD,Racing Bulls,31.0,0 days 00:01:24.621000,MEDIUM,31.0,10.0,,
HAD,Racing Bulls,32.0,0 days 00:01:24.087000,MEDIUM,32.0,10.0,,
HAD,Racing Bulls,33.0,0 days 00:01:23.911000,MEDIUM,33.0,10.0,,
HAD,Racing Bulls,34.0,0 days 00:01:27.423000,MEDIUM,34.0,12.0,0 days 01:44:51.921000,
HAD,Racing Bulls,35.0,0 days 00:01:40.734000,SOFT,4.0,15.0,,0 days 01:45:14.214000
HAD,Racing Bulls,36.0,0 days 00:01:21.716000,SOFT,5.0,15.0,,
HAD,Racing Bulls,37.0,0 days 00:01:21.905000,SOFT,6.0,14.0,,
HAD,Racing Bulls,38.0,0 days 00:01:22.137000,SOFT,7.0,13.0,,
HAD,Racing Bulls,39.0,0 days 00:01:22.229000,SOFT,8.0,13.0,,
HAD,Racing Bulls,40.0,0 days 00:01:22.155000,SOFT,9.0,13.0,,
HAD,Racing Bulls,41.0,0 days 00:01:22.692000,SOFT,10.0,12.0,,
HAD,Racing Bulls,42.0,0 days 00:01:22.015000,SOFT,11.0,12.0,,
HAD,Racing Bulls,43.0,0 days 00:01:21.790000,SOFT,12.0,12.0,,
HAD,Racing Bulls,44.0,0 days 00:01:21.714000,SOFT,13.0,11.0,,
HAD,Racing Bulls,45.0,0 days 00:01:22.119000,SOFT,14.0,11.0,,
HAD,Racing Bulls,46.0,0 days 00:01:21.954000,SOFT,15.0,11.0,,
HAD,Racing Bulls,47.0,0 days 00:01:22.013000,SOFT,16.0,10.0,,
HAD,Racing Bulls,48.0,0 days 00:01:22.977000,SOFT,17.0,10.0,,
HAD,Racing Bulls,49.0,0 days 00:01:23.056000,SOFT,18.0,10.0,,
HAD,Racing Bulls,50.0,0 days 00:01:22.556000,SOFT,19.0,10.0,,
HAD,Racing Bulls,51.0,0 days 00:01:22.162000,SOFT,20.0,10.0,,
HAD,Racing Bulls,52.0,0 days 00:01:22.053000,SOFT,21.0,10.0,,
HAD,Racing Bulls,53.0,0 days 00:01:22.180000,SOFT,22.0,10.0,,
HAD,Racing Bulls,54.0,0 days 00:01:22.298000,SOFT,23.0,10.0,,
HAD,Racing Bulls,55.0,0 days 00:01:22.631000,SOFT,24.0,10.0,,
HAD,Racing Bulls,56.0,0 days 00:01:22.211000,SOFT,25.0,10.0,,
HAD,Racing Bulls,57.0,0 days 00:01:22.120000,SOFT,26.0,10.0,,
HAD,Racing Bulls,58.0,0 days 00:01:22.035000,SOFT,27.0,10.0,,
HAD,Racing Bulls,59.0,0 days 00:01:22.062000,SOFT,28.0,10.0,,
HAD,Racing Bulls,60.0,0 days 00:01:22.853000,SOFT,29.0,10.0,,
HAD,Racing Bulls,61.0,0 days 00:01:22.599000,SOFT,30.0,10.0,,
HAD,Racing Bulls,62.0,0 days 00:01:25.340000,SOFT,31.0,11.0,,
HAD,Racing Bulls,63.0,0 days 00:01:24.914000,SOFT,32.0,12.0,,
HAD,Racing Bulls,64.0,0 days 00:01:25.763000,SOFT,33.0,13.0,,
HAD,Racing Bulls,65.0,0 days 00:01:22.217000,SOFT,34.0,13.0,,
HAD,Racing Bulls,66.0,0 days 00:01:22.666000,SOFT,35.0,13.0,,
HAD,Racing Bulls,67.0,0 days 00:01:22.439000,SOFT,36.0,13.0,,
HAD,Racing Bulls,68.0,0 days 00:01:22.120000,SOFT,37.0,13.0,,
HAD,Racing Bulls,69.0,0 days 00:01:29.624000,SOFT,38.0,13.0,,
HAD,Racing Bulls,70.0,0 days 00:01:43.978000,SOFT,39.0,13.0,,
RUS,Mercedes,1.0,0 days 00:01:28.429000,SOFT,4.0,5.0,,
RUS,Mercedes,2.0,0 days 00:01:23.407000,SOFT,5.0,5.0,,
RUS,Mercedes,3.0,0 days 00:01:22.933000,SOFT,6.0,5.0,,
RUS,Mercedes,4.0,0 days 00:01:22.822000,SOFT,7.0,5.0,,
RUS,Mercedes,5.0,0 days 00:01:22.622000,SOFT,8.0,5.0,,
RUS,Mercedes,6.0,0 days 00:01:28.589000,SOFT,9.0,7.0,,
RUS,Mercedes,7.0,0 days 00:01:23.226000,SOFT,10.0,7.0,,
RUS,Mercedes,8.0,0 days 00:01:23.227000,SOFT,11.0,7.0,,
RUS,Mercedes,9.0,0 days 00:01:23.175000,SOFT,12.0,7.0,,
RUS,Mercedes,10.0,0 days 00:01:23.486000,SOFT,13.0,7.0,,
RUS,Mercedes,11.0,0 days 00:01:23.433000,SOFT,14.0,7.0,,
RUS,Mercedes,12.0,0 days 00:01:22.901000,SOFT,15.0,7.0,,
RUS,Mercedes,13.0,0 days 00:01:23.117000,SOFT,16.0,7.0,,
RUS,Mercedes,14.0,0 days 00:01:23.297000,SOFT,17.0,7.0,,
RUS,Mercedes,15.0,0 days 00:01:23.373000,SOFT,18.0,7.0,,
RUS,Mercedes,16.0,0 days 00:01:23.435000,SOFT,19.0,7.0,,
RUS,Mercedes,17.0,0 days 00:01:23.352000,SOFT,20.0,7.0,,
RUS,Mercedes,18.0,0 days 00:01:23.341000,SOFT,21.0,7.0,,
RUS,Mercedes,19.0,0 days 00:01:23.705000,SOFT,22.0,7.0,,
RUS,Mercedes,20.0,0 days 00:01:23.422000,SOFT,23.0,7.0,,
RUS,Mercedes,21.0,0 days 00:01:23.269000,SOFT,24.0,7.0,,
RUS,Mercedes,22.0,0 days 00:01:23.539000,SOFT,25.0,6.0,,
RUS,Mercedes,23.0,0 days 00:01:23.132000,SOFT,26.0,6.0,,
RUS,Mercedes,24.0,0 days 00:01:23.333000,SOFT,27.0,5.0,,
RUS,Mercedes,25.0,0 days 00:01:26.420000,SOFT,28.0,4.0,0 days 01:31:59.773000,
RUS,Mercedes,26.0,0 days 00:01:40.918000,MEDIUM,1.0,10.0,,0 days 01:32:22.191000
RUS,Mercedes,27.0,0 days 00:01:21.342000,MEDIUM,2.0,10.0,,
RUS,Mercedes,28.0,0 days 00:01:21.516000,MEDIUM,3.0,8.0,,
RUS,Mercedes,29.0,0 days 00:01:22.278000,MEDIUM,4.0,7.0,,
RUS,Mercedes,30.0,0 days 00:01:22.419000,MEDIUM,5.0,7.0,,
RUS,Mercedes,31.0,0 days 00:01:22.122000,MEDIUM,6.0,7.0,,
RUS,Mercedes,32.0,0 days 00:01:22.401000,MEDIUM,7.0,7.0,,
RUS,Mercedes,33.0,0 days 00:01:22.029000,MEDIUM,8.0,6.0,,
RUS,Mercedes,34.0,0 days 00:01:22.245000,MEDIUM,9.0,6.0,,
RUS,Mercedes,35.0,0 days 00:01:22.677000,MEDIUM,10.0,6.0,,
RUS,Mercedes,36.0,0 days 00:01:22.815000,MEDIUM,11.0,6.0,,
RUS,Mercedes,37.0,0 days 00:01:22.297000,MEDIUM,12.0,6.0,,
RUS,Mercedes,38.0,0 days 00:01:22.756000,MEDIUM,13.0,5.0,,
RUS,Mercedes,39.0,0 days 00:01:22.381000,MEDIUM,14.0,5.0,,
RUS,Mercedes,40.0,0 days 00:01:22.342000,MEDIUM,15.0,5.0,,
RUS,Mercedes,41.0,0 days 00:01:22.148000,MEDIUM,16.0,4.0,,
RUS,Mercedes,42.0,0 days 00:01:22.409000,MEDIUM,17.0,4.0,,
RUS,Mercedes,43.0,0 days 00:01:22.250000,MEDIUM,18.0,4.0,,
RUS,Mercedes,44.0,0 days 00:01:22.191000,MEDIUM,19.0,4.0,,
RUS,Mercedes,45.0,0 days 00:01:22.385000,MEDIUM,20.0,4.0,,
RUS,Mercedes,46.0,0 days 00:01:22.438000,MEDIUM,21.0,4.0,,
RUS,Mercedes,47.0,0 days 00:01:22.256000,MEDIUM,22.0,4.0,,
RUS,Mercedes,48.0,0 days 00:01:25.208000,MEDIUM,23.0,4.0,0 days 02:03:53.585000,
RUS,Mercedes,49.0,0 days 00:01:39.808000,SOFT,4.0,5.0,,0 days 02:04:16.038000
RUS,Mercedes,50.0,0 days 00:01:20.052000,SOFT,5.0,5.0,,
RUS,Mercedes,51.0,0 days 00:01:20.377000,SOFT,6.0,5.0,,
RUS,Mercedes,52.0,0 days 00:01:20.624000,SOFT,7.0,5.0,,
RUS,Mercedes,53.0,0 days 00:01:21.183000,SOFT,8.0,5.0,,
RUS,Mercedes,54.0,0 days 00:01:21.228000,SOFT,9.0,5.0,,
RUS,Mercedes,55.0,0 days 00:01:21.289000,SOFT,10.0,5.0,,
RUS,Mercedes,56.0,0 days 00:01:21.110000,SOFT,11.0,5.0,,
RUS,Mercedes,57.0,0 days 00:01:21.087000,SOFT,12.0,5.0,,
RUS,Mercedes,58.0,0 days 00:01:20.950000,SOFT,13.0,5.0,,
RUS,Mercedes,59.0,0 days 00:01:21.542000,SOFT,14.0,5.0,,
RUS,Mercedes,60.0,0 days 00:01:23.737000,SOFT,15.0,6.0,,
RUS,Mercedes,61.0,0 days 00:01:21.828000,SOFT,16.0,6.0,,
RUS,Mercedes,62.0,0 days 00:01:23.243000,SOFT,17.0,7.0,,
RUS,Mercedes,63.0,0 days 00:01:21.832000,SOFT,18.0,7.0,,
RUS,Mercedes,64.0,0 days 00:01:21.660000,SOFT,19.0,7.0,,
RUS,Mercedes,65.0,0 days 00:01:21.378000,SOFT,20.0,7.0,,
RUS,Mercedes,66.0,0 days 00:01:21.445000,SOFT,21.0,7.0,,
RUS,Mercedes,67.0,0 days 00:01:21.638000,SOFT,22.0,7.0,,
RUS,Mercedes,68.0,0 days 00:01:21.333000,SOFT,23.0,7.0,,
RUS,Mercedes,69.0,0 days 00:01:22.517000,SOFT,24.0,7.0,,
RUS,Mercedes,70.0,0 days 00:01:42.554000,SOFT,25.0,7.0,,
RUS,Mercedes,71.0,0 days 00:01:27.638000,SOFT,26.0,7.0,,
PIA,McLaren,1.0,0 days 00:01:30.649000,SOFT,4.0,9.0,,
PIA,McLaren,2.0,0 days 00:01:23.903000,SOFT,5.0,9.0,,
PIA,McLaren,3.0,0 days 00:01:22.909000,SOFT,6.0,9.0,,
PIA,McLaren,4.0,0 days 00:01:23.219000,SOFT,7.0,9.0,,
PIA,McLaren,5.0,0 days 00:01:22.892000,SOFT,8.0,9.0,,
PIA,McLaren,6.0,0 days 00:01:26.331000,SOFT,9.0,9.0,,
PIA,McLaren,7.0,0 days 00:01:23.598000,SOFT,10.0,9.0,,
PIA,McLaren,8.0,0 days 00:01:23.549000,SOFT,11.0,9.0,,
PIA,McLaren,9.0,0 days 00:01:23.578000,SOFT,12.0,9.0,,
PIA,McLaren,10.0,0 days 00:01:23.409000,SOFT,13.0,9.0,,
PIA,McLaren,11.0,0 days 00:01:23.056000,SOFT,14.0,8.0,,
PIA,McLaren,12.0,0 days 00:01:23.277000,SOFT,15.0,8.0,,
PIA,McLaren,13.0,0 days 00:01:23.048000,SOFT,16.0,8.0,,
PIA,McLaren,14.0,0 days 00:01:22.898000,SOFT,17.0,8.0,,
PIA,McLaren,15.0,0 days 00:01:23.198000,SOFT,18.0,8.0,,
PIA,McLaren,16.0,0 days 00:01:23.013000,SOFT,19.0,8.0,,
PIA,McLaren,17.0,0 days 00:01:22.999000,SOFT,20.0,8.0,,
PIA,McLaren,18.0,0 days 00:01:23.300000,SOFT,21.0,8.0,,
PIA,McLaren,19.0,0 days 00:01:23.790000,SOFT,22.0,8.0,,
PIA,McLaren,20.0,0 days 00:01:23.420000,SOFT,23.0,8.0,,
PIA,McLaren,21.0,0 days 00:01:23.254000,SOFT,24.0,8.0,,
PIA,McLaren,22.0,0 days 00:01:23.661000,SOFT,25.0,7.0,,
PIA,McLaren,23.0,0 days 00:01:23.502000,SOFT,26.0,7.0,,
PIA,McLaren,24.0,0 days 00:01:26.653000,SOFT,27.0,6.0,0 days 01:30:37.871000,
PIA,McLaren,25.0,0 days 00:01:41.575000,MEDIUM,1.0,13.0,,0 days 01:31:01.062000
PIA,McLaren,26.0,0 days 00:01:22.499000,MEDIUM,2.0,11.0,,
PIA,McLaren,27.0,0 days 00:01:21.767000,MEDIUM,3.0,11.0,,
PIA,McLaren,28.0,0 days 00:01:22.598000,MEDIUM,4.0,10.0,,
PIA,McLaren,29.0,0 days 00:01:21.616000,MEDIUM,5.0,9.0,,
PIA,McLaren,30.0,0 days 00:01:21.699000,MEDIUM,6.0,8.0,,
PIA,McLaren,31.0,0 days 00:01:21.866000,MEDIUM,7.0,8.0,,
PIA,McLaren,32.0,0 days 00:01:21.964000,MEDIUM,8.0,8.0,,
PIA,McLaren,33.0,0 days 00:01:23.793000,MEDIUM,9.0,8.0,,
PIA,McLaren,34.0,0 days 00:01:21.533000,MEDIUM,10.0,7.0,,
PIA,McLaren,35.0,0 days 00:01:22.175000,MEDIUM,11.0,7.0,,
PIA,McLaren,36.0,0 days 00:01:22.202000,MEDIUM,12.0,7.0,,
PIA,McLaren,37.0,0 days 00:01:22.379000,MEDIUM,13.0,7.0,,
PIA,McLaren,38.0,0 days 00:01:22.448000,MEDIUM,14.0,6.0,,
PIA,McLaren,39.0,0 days 00:01:22.664000,MEDIUM,15.0,6.0,,
PIA,McLaren,40.0,0 days 00:01:22.213000,MEDIUM,16.0,6.0,,
PIA,McLaren,41.0,0 days 00:01:23.173000,MEDIUM,17.0,6.0,,
PIA,McLaren,42.0,0 days 00:01:22.329000,MEDIUM,18.0,6.0,,
PIA,McLaren,43.0,0 days 00:01:22.351000,MEDIUM,19.0,6.0,,
PIA,McLaren,44.0,0 days 00:01:22.293000,MEDIUM,20.0,6.0,,
PIA,McLaren,45.0,0 days 00:01:22.419000,MEDIUM,21.0,6.0,,
PIA,McLaren,46.0,0 days 00:01:22.544000,MEDIUM,22.0,6.0,,
PIA,McLaren,47.0,0 days 00:01:26.262000,MEDIUM,23.0,7.0,0 days 02:02:34.296000,
PIA,McLaren,48.0,0 days 00:01:39.444000,SOFT,4.0,7.0,,0 days 02:02:56.501000
PIA,McLaren,49.0,0 days 00:01:22.614000,SOFT,5.0,6.0,,
PIA,McLaren,50.0,0 days 00:01:20.621000,SOFT,6.0,6.0,,
PIA,McLaren,51.0,0 days 00:01:20.466000,SOFT,7.0,6.0,,
PIA,McLaren,52.0,0 days 00:01:20.507000,SOFT,8.0,6.0,,
PIA,McLaren,53.0,0 days 00:01:20.422000,SOFT,9.0,6.0,,
PIA,McLaren,54.0,0 days 00:01:20.466000,SOFT,10.0,6.0,,
PIA,McLaren,55.0,0 days 00:01:20.665000,SOFT,11.0,6.0,,
PIA,McLaren,56.0,0 days 00:01:20.729000,SOFT,12.0,6.0,,
PIA,McLaren,57.0,0 days 00:01:21.063000,SOFT,13.0,6.0,,
PIA,McLaren,58.0,0 days 00:01:20.773000,SOFT,14.0,6.0,,
PIA,McLaren,59.0,0 days 00:01:21.452000,SOFT,15.0,6.0,,
PIA,McLaren,60.0,0 days 00:01:21.712000,SOFT,16.0,5.0,,
PIA,McLaren,61.0,0 days 00:01:21.474000,SOFT,17.0,5.0,,
PIA,McLaren,62.0,0 days 00:01:20.660000,SOFT,18.0,5.0,,
PIA,McLaren,63.0,0 days 00:01:20.788000,SOFT,19.0,5.0,,
PIA,McLaren,64.0,0 days 00:01:20.780000,SOFT,20.0,5.0,,
PIA,McLaren,65.0,0 days 00:01:20.971000,SOFT,21.0,5.0,,
PIA,McLaren,66.0,0 days 00:01:20.887000,SOFT,22.0,5.0,,
PIA,McLaren,67.0,0 days 00:01:21.261000,SOFT,23.0,5.0,,
PIA,McLaren,68.0,0 days 00:01:21.154000,SOFT,24.0,5.0,,
PIA,McLaren,69.0,0 days 00:01:22.881000,SOFT,25.0,5.0,,
PIA,McLaren,70.0,0 days 00:01:38.993000,SOFT,26.0,5.0,,
PIA,McLaren,71.0,0 days 00:01:30.388000,SOFT,27.0,5.0,,
BEA,Haas F1 Team,1.0,0 days 00:01:28.984000,SOFT,4.0,6.0,,
BEA,Haas F1 Team,2.0,0 days 00:01:23.597000,SOFT,5.0,6.0,,
BEA,Haas F1 Team,3.0,0 days 00:01:22.921000,SOFT,6.0,6.0,,
BEA,Haas F1 Team,4.0,0 days 00:01:23.010000,SOFT,7.0,6.0,,
BEA,Haas F1 Team,5.0,0 days 00:01:22.696000,SOFT,8.0,6.0,,
BEA,Haas F1 Team,6.0,0 days 00:01:25.563000,SOFT,9.0,4.0,,
BEA,Haas F1 Team,7.0,0 days 00:01:23.003000,SOFT,10.0,4.0,,
BEA,Haas F1 Team,8.0,0 days 00:01:22.990000,SOFT,11.0,4.0,,
BEA,Haas F1 Team,9.0,0 days 00:01:22.935000,SOFT,12.0,4.0,,
BEA,Haas F1 Team,10.0,0 days 00:01:23.046000,SOFT,13.0,4.0,,
BEA,Haas F1 Team,11.0,0 days 00:01:23.213000,SOFT,14.0,4.0,,
BEA,Haas F1 Team,12.0,0 days 00:01:23.119000,SOFT,15.0,4.0,,
BEA,Haas F1 Team,13.0,0 days 00:01:23.022000,SOFT,16.0,4.0,,
BEA,Haas F1 Team,14.0,0 days 00:01:22.854000,SOFT,17.0,4.0,,
BEA,Haas F1 Team,15.0,0 days 00:01:22.900000,SOFT,18.0,4.0,,
BEA,Haas F1 Team,16.0,0 days 00:01:23.304000,SOFT,19.0,4.0,,
BEA,Haas F1 Team,17.0,0 days 00:01:23.269000,SOFT,20.0,4.0,,
BEA,Haas F1 Team,18.0,0 days 00:01:23.504000,SOFT,21.0,4.0,,
BEA,Haas F1 Team,19.0,0 days 00:01:23.211000,SOFT,22.0,4.0,,
BEA,Haas F1 Team,20.0,0 days 00:01:23.326000,SOFT,23.0,4.0,,
BEA,Haas F1 Team,21.0,0 days 00:01:23.034000,SOFT,24.0,4.0,,
BEA,Haas F1 Team,22.0,0 days 00:01:23.111000,SOFT,25.0,4.0,,
BEA,Haas F1 Team,23.0,0 days 00:01:23.574000,SOFT,26.0,3.0,,
BEA,Haas F1 Team,24.0,0 days 00:01:26.191000,SOFT,27.0,4.0,0 days 01:30:31.137000,
BEA,Haas F1 Team,25.0,0 days 00:01:41.618000,MEDIUM,1.0,9.0,,0 days 01:30:53.788000
BEA,Haas F1 Team,26.0,0 days 00:01:21.914000,MEDIUM,2.0,7.0,,
BEA,Haas F1 Team,27.0,0 days 00:01:23.465000,MEDIUM,3.0,6.0,,
BEA,Haas F1 Team,28.0,0 days 00:01:21.809000,MEDIUM,4.0,5.0,,
BEA,Haas F1 Team,29.0,0 days 00:01:22.213000,MEDIUM,5.0,5.0,,
BEA,Haas F1 Team,30.0,0 days 00:01:22.560000,MEDIUM,6.0,5.0,,
BEA,Haas F1 Team,31.0,0 days 00:01:22.455000,MEDIUM,7.0,5.0,,
BEA,Haas F1 Team,32.0,0 days 00:01:22.639000,MEDIUM,8.0,4.0,,
BEA,Haas F1 Team,33.0,0 days 00:01:22.768000,MEDIUM,9.0,4.0,,
BEA,Haas F1 Team,34.0,0 days 00:01:22.628000,MEDIUM,10.0,4.0,,
BEA,Haas F1 Team,35.0,0 days 00:01:22.622000,MEDIUM,11.0,4.0,,
BEA,Haas F1 Team,36.0,0 days 00:01:22.462000,MEDIUM,12.0,4.0,,
BEA,Haas F1 Team,37.0,0 days 00:01:22.452000,MEDIUM,13.0,4.0,,
BEA,Haas F1 Team,38.0,0 days 00:01:22.500000,MEDIUM,14.0,3.0,,
BEA,Haas F1 Team,39.0,0 days 00:01:22.402000,MEDIUM,15.0,3.0,,
BEA,Haas F1 Team,40.0,0 days 00:01:22.203000,MEDIUM,16.0,3.0,,
BEA,Haas F1 Team,41.0,0 days 00:01:22.499000,MEDIUM,17.0,3.0,,
BEA,Haas F1 Team,42.0,0 days 00:01:22.332000,MEDIUM,18.0,3.0,,
BEA,Haas F1 Team,43.0,0 days 00:01:22.393000,MEDIUM,19.0,3.0,,
BEA,Haas F1 Team,44.0,0 days 00:01:22.179000,MEDIUM,20.0,3.0,,
BEA,Haas F1 Team,45.0,0 days 00:01:22.292000,MEDIUM,21.0,3.0,,
BEA,Haas F1 Team,46.0,0 days 00:01:22.126000,MEDIUM,22.0,3.0,,
BEA,Haas F1 Team,47.0,0 days 00:01:22.368000,MEDIUM,23.0,3.0,,
BEA,Haas F1 Team,48.0,0 days 00:01:25.115000,MEDIUM,24.0,3.0,0 days 02:03:51.122000,
BEA,Haas F1 Team,49.0,0 days 00:01:40.046000,SOFT,4.0,4.0,,0 days 02:04:13.311000
BEA,Haas F1 Team,50.0,0 days 00:01:20.933000,SOFT,5.0,4.0,,
BEA,Haas F1 Team,51.0,0 days 00:01:20.705000,SOFT,6.0,4.0,,
BEA,Haas F1 Team,52.0,0 days 00:01:20.780000,SOFT,7.0,4.0,,
BEA,Haas F1 Team,53.0,0 days 00:01:20.947000,SOFT,8.0,4.0,,
BEA,Haas F1 Team,54.0,0 days 00:01:20.821000,SOFT,9.0,4.0,,
BEA,Haas F1 Team,55.0,0 days 00:01:21.274000,SOFT,10.0,4.0,,
BEA,Haas F1 Team,56.0,0 days 00:01:21.282000,SOFT,11.0,4.0,,
BEA,Haas F1 Team,57.0,0 days 00:01:21.186000,SOFT,12.0,4.0,,
BEA,Haas F1 Team,58.0,0 days 00:01:20.881000,SOFT,13.0,4.0,,
BEA,Haas F1 Team,59.0,0 days 00:01:21.266000,SOFT,14.0,4.0,,
BEA,Haas F1 Team,60.0,0 days 00:01:21.088000,SOFT,15.0,4.0,,
BEA,Haas F1 Team,61.0,0 days 00:01:21.222000,SOFT,16.0,4.0,,
BEA,Haas F1 Team,62.0,0 days 00:01:20.963000,SOFT,17.0,4.0,,
BEA,Haas F1 Team,63.0,0 days 00:01:21.260000,SOFT,18.0,4.0,,
BEA,Haas F1 Team,64.0,0 days 00:01:21.230000,SOFT,19.0,4.0,,
BEA,Haas F1 Team,65.0,0 days 00:01:21.275000,SOFT,20.0,4.0,,
BEA,Haas F1 Team,66.0,0 days 00:01:20.964000,SOFT,21.0,4.0,,
BEA,Haas F1 Team,67.0,0 days 00:01:21.496000,SOFT,22.0,4.0,,
BEA,Haas F1 Team,68.0,0 days 00:01:21.377000,SOFT,23.0,4.0,,
BEA,Haas F1 Team,69.0,0 days 00:01:22.733000,SOFT,24.0,4.0,,
BEA,Haas F1 Team,70.0,0 days 00:01:39.545000,SOFT,25.0,4.0,,
BEA,Haas F1 Team,71.0,0 days 00:01:29.864000,SOFT,26.0,4.0,,
